date,permno,target,predicted
200803,84519,0.1037781181,0.011513099
200803,90763,0.1717945801,0.0048941746
200803,90992,-0.133755384,-0.0087090945
200804,10375,0.0290202758,-0.02628526
200804,11404,-0.04344740699999999,-0.039992757
200804,19502,-0.098584874,-0.044191588
200804,19561,0.133653553,-0.046260744
200804,24432,-0.184164269,-0.042139765
200804,76625,0.0340945142,-0.032231167
200804,84519,0.088070521,-0.017677873
200804,90763,-0.037200056,0.032387324
200804,90992,-0.009030673,0.026073987
200805,10375,0.0417713652,0.020069232
200805,11404,0.0147181375,0.01847977
200805,19502,-0.044679659,0.020914413
200805,19561,0.011874602900000001,0.022608476
200805,24432,0.0699696185,0.023107301
200805,76625,0.04337354549999999,0.024097959
200805,84519,0.014417199199999998,0.023625476
200805,90992,0.0310074238,0.021781765
200806,10375,-0.015285081,0.019380806
200806,11404,0.0247087812,0.018569019
200806,19502,-0.018246241,0.029506836
200806,19561,-0.018654579,0.03300279
200806,24432,0.052397115,0.04079475
200806,76625,-0.052405166,0.046722163
200806,84519,-0.084666161,0.05349567
200806,90992,-0.166766672,0.056691382
200807,11404,0.0691883283,0.055673096
200807,19502,-0.052464279,0.054138638
200807,19561,0.2461798059,0.04862356
200807,24432,0.0112433152,0.045687944
200807,76625,0.0336956734,0.040629297
200807,84519,0.1178340258,0.030112362
200807,90992,0.1195270121,0.035091747
200808,11404,0.0491749421,0.03948416
200808,19502,0.1495200264,0.04174463
200808,19561,-0.002579002,0.042726785
200808,24432,-0.10820437800000002,0.038959518
200808,76625,-0.022381089999999996,0.029997872
200808,84519,0.0857964026,0.02155742
200808,90992,-0.096812627,0.018474886
200809,10375,0.0883999111,0.0141000375
200809,11404,0.0615170503,0.011378809
200809,19502,-0.091408028,0.01585362
200809,19561,0.0232652443,0.015825631
200809,24432,-0.078906596,0.047352552
200809,76625,0.008818524,0.0433963
200809,90992,0.0425726714,0.04212342
200810,10375,0.0408262367,0.04470616
200810,11404,-0.081450267,0.044166625
200810,19502,-0.030299362,0.042171802
200810,19561,0.0539540554,0.036571935
200810,24432,0.0421240347,0.03244662
200810,76625,0.0220741404,0.026738105
200810,90992,0.0067783634,0.020615371
200811,10375,-0.009164691,0.016264573
200811,11404,0.0395782719,0.014150793
200811,19502,0.022749152,0.051660433
200811,19561,0.0756578669,0.04627707
200811,21742,-0.013060527,0.0362524
200811,24432,-0.052917966999999996,0.023391094
200811,35167,-0.083277514,0.01233921
200811,76625,-0.035947783,0.00918848
200811,90132,-0.00010000000000000002,0.010793537
200811,90763,-0.0025669499999999997,0.01588807
200811,90992,0.10288530010000001,0.02354253
200812,10375,0.0639615597,0.029669816
200812,11404,-0.044500971,0.03158088
200812,19502,-0.027978413,0.029630093
200812,19561,0.12275462020000001,0.010503737
200812,21742,0.0381139497,0.00963496
200812,24432,0.0010623668,0.0056901774
200812,35167,0.0080268996,0.0029670552
200812,76625,-0.061485179,0.03171974
200812,90132,0.006998457,0.024348399
200812,90763,0.0321394222,0.022458673
200812,90992,-0.052465869,0.01795246
200901,10375,0.0214117466,0.01144483
200901,11404,0.1285707968,0.0063891024
200901,19502,0.0836042704,0.0038993403
200901,19561,-0.024108851,0.0042601544
200901,21742,0.1004016863,0.0035462538
200901,24432,0.062252910599999996,-0.0006184525
200901,35167,0.0010074451,-0.0036610053
200901,76625,0.11148738290000001,-0.0052430797
200901,90132,0.024070014999999997,0.01423178
200901,90763,0.1356246339,0.013084805
200903,19502,0.0120538928,-0.040845994
200903,19561,0.08624538200000001,-0.019437186
200903,21742,-0.022897283,-0.003799841
200903,24432,-0.013871344,0.007142067
200903,35167,-0.034637585,0.015937285
200903,76625,-0.08305648,0.016114477
200903,80791,-0.074637674,0.0146540655
200903,90132,0.0067589905,0.012475375
200903,90763,0.0133241581,0.014674827
200903,90992,0.0147059558,0.018504823
200904,10375,0.027602477,0.023912655
200904,11404,0.0295472462,0.02638374
200904,19502,0.0033923916,0.025902966
200904,19561,-0.012021096000000002,0.0253294
200904,21742,0.07993804089999998,0.024427986
200904,24432,0.0144102722,0.021593226
200904,35167,0.014907022900000002,0.015381791
200904,76625,0.037152227,0.010110587
200904,80791,0.0439246148,0.0055386145
200904,90132,0.0378876681,0.01706945
200904,90763,0.07593861390000001,0.019619564
200904,90992,-0.073934814,0.018799
200905,10375,0.0642750859,0.014235406
200905,11404,0.0253979359,0.010796319
200905,19502,-0.026816456,0.013292321
200905,19561,-0.080546357,0.015959112
200905,21742,-0.092441237,0.019841135
200905,24432,-0.065890364,0.020879427
200905,35167,0.0094253989,0.02089544
200905,76625,0.0224397723,0.01823646
200905,80791,-0.019572949,0.01620033
200905,90132,0.0645644384,0.00016386593
200905,90763,0.0423582399,0.010337162
200905,90992,0.0265629364,0.0199269
200906,10375,0.07912888380000001,0.024982333
200906,11404,-0.016670845,0.022648709
200906,19502,-0.05254387499999999,0.016091952
200906,19561,-0.046801016,0.010756725
200906,24432,-0.045367496,0.007683495
200906,35167,-0.094974607,0.0015551104
200906,76625,0.0872583464,-0.007675864
200906,90132,0.0504636168,-0.012933965
200906,90763,0.0678409636,-0.011605495
200906,90992,0.014856210700000002,0.011446185
200907,10375,-0.013946521,0.014482637
200907,11404,0.042608315,0.01782708
200907,19502,0.0279720016,0.024102733
200907,19561,0.03875122219999999,0.027052013
200907,21742,-0.020784155,0.024816021
200907,24432,-0.027013965,0.021086061
200907,35167,-0.020551207,0.017658064
200907,76625,-0.012787724,0.013131288
200907,80791,0.0746114329,0.0056431442
200907,90442,0.0247107595,0.0029744066
200907,90763,0.0351710916,0.0027205655
200907,90992,-0.074380001,0.005076833
200908,10375,-0.042873806,0.02179767
200908,11404,-0.046985584,0.016630359
200908,19502,0.3509921597,0.020253338
200908,19561,0.0123553472,0.025168259
200908,24432,0.0346663967,0.022818496
200908,35167,0.0026351998,0.016358599
200908,76625,0.0005006371999999998,0.013324805
200908,80791,0.0087816499,0.01634411
200908,90442,0.0006199061,0.019599494
200908,90763,0.0127444118,-0.006641438
200908,90992,0.0194297878,-0.008440528
200909,10375,0.0211298427,-0.0071592564
200909,11404,0.060234567,-0.0047106855
200909,19502,-0.005746503,-0.0024992737
200909,19561,-0.005892981,-0.0019993407
200909,24432,-0.049019642,-0.0006809062
200909,35167,-0.116638646,-0.0015087537
200909,76625,0.0528243276,-0.0025790741
200909,90442,-0.035829347,-0.0024237717
200909,90763,0.1227108762,-0.0028022313
200909,90992,0.0522681214,-0.0021512392
200910,10375,-0.025118733,0.0006237297
200910,11404,-0.08738938,0.0019770863
200910,19502,0.0532332825,-0.0015069378
200910,19561,-0.096950449,-0.012176576
200910,24432,0.1442307681,-0.020645294
200910,35167,0.0,-0.02304443
200910,76625,0.0184873901,-0.015325172
200910,90442,0.2130232006,-0.03436453
200910,90763,0.34493875499999993,-0.03513424
200910,90992,-0.092028752,-0.028776078
201003,11404,-0.049492177,-0.007823108
201003,19502,-0.004324976,-0.00558894
201003,19561,0.0055077402,0.002387373
201003,24432,0.0176309925,0.0111947805
201003,35167,0.025383597100000002,0.01646367
201003,76625,0.030318059,0.018084642
201003,90442,0.0371442586,0.018029828
201003,90763,-0.050875211000000004,0.01689563
201003,90992,-0.012142223000000002,0.015003022
201003,92221,0.0080816949,0.012720388
201004,10375,-0.066098673,0.010789623
201004,11404,-0.004581090000000001,0.007696205
201004,19502,0.0090743871,0.011935481
201004,19561,0.0007493774,0.012587614
201004,24432,0.0099518048,0.016566785
201004,35167,0.0468796529,0.022859497
201004,76625,-0.12317474800000001,0.028351657
201004,90442,-0.030799493,0.03257442
201004,90763,0.2292089462,0.037294284
201004,90992,-0.009038457,0.04434677
201004,92221,0.0189156698,0.043723714
201005,10375,-0.033305245,0.042734973
201005,11404,-0.02976221,0.03693354
201005,19502,0.0913184153,0.03448194
201005,19561,0.0113156354,9.3385286e-05
201005,21742,0.0163116287,0.008822438
201005,24432,-0.0077384149999999985,0.019231696
201005,35167,0.0326744691,0.027145484
201005,76625,-0.087990655,0.029124284
201005,90442,0.0673754141,0.024595113
201005,90992,-0.005248982000000001,0.021642882
201005,91066,-0.028107064,0.019083692
201005,92221,-0.025380115999999998,0.017774757
201006,10375,0.012041694300000001,0.017324492
201006,11404,0.060660878,0.018798463
201006,19502,0.014439605,0.019854197
201006,19561,-0.053259864,-0.0040408922
201006,21742,-0.030431626,-0.0035262648
201006,24432,0.024772485699999996,0.0035071657
201006,35167,0.0074000796,0.013801875
201006,76625,-0.014179333000000002,0.019664938
201006,80791,0.0747991875,0.019733218
201006,90442,0.0359645225,0.018367138
201006,90992,-0.029292993000000003,0.015082784
201006,91066,0.043990081,0.010818824
201006,92221,0.0079862669,0.009021588
201007,10375,-0.088001093,0.0074895816
201007,11404,0.0028629366,0.0038328534
201007,19502,0.0709570423,0.011633964
201007,19561,0.0421161614,0.017688116
201007,21742,-0.011582139,0.022192635
201007,24432,-0.006509723,0.02119452
201007,35167,-0.022277447,0.017777978
201007,76625,0.1608247906,0.012866264
201007,80791,0.0297513343,0.009805222
201007,90442,0.0154238761,0.006403471
201007,90763,0.0561633425,0.00513726
201007,90992,-0.017445715,0.002936568
201007,91066,0.0352037231,0.0043283054
201007,92221,0.0403441096,0.004010465
201008,10375,0.0429348143,0.003541585
201008,11404,0.0385329574,0.0014630198
201008,19502,0.056884177,0.001395653
201008,19561,-0.009728224,0.0034116958
201008,24432,0.0792311579,0.0058165775
201008,35167,-0.020679815000000004,0.006587126
201008,76625,0.0882918015,0.005840797
201008,80791,0.0235773996,0.0047685234
201008,90442,0.034088848,-0.00019747933
201008,90763,-0.146452172,-0.0040041516
201008,90992,-0.133227883,-0.00890085
201008,91066,0.0917355286,-0.0038086316
201008,92221,0.0417927781,0.010357839
201009,10375,0.0988182127,-0.01615607
201009,11404,0.11338668319999999,-0.011923416
201009,19502,0.0060528553999999995,-0.001390767
201009,19561,-0.010737325,0.007574371
201009,24432,-0.274030132,0.0111330785
201009,35167,0.0807090774,0.010112321
201009,76625,-0.11860165,0.0144252805
201009,80791,0.1910391169,0.0204878
201009,90442,0.0385906415,0.027595505
201009,90763,0.0171016732,0.023298554
201009,90992,-0.143246411,0.016648874
201009,91066,0.0931453945,0.012143081
201009,92221,0.0423481258,0.02181565
201010,10375,-0.029261357999999998,0.016749168
201010,11404,-0.04217335600000001,0.01348601
201010,19502,0.0320523584,0.013096289
201010,19561,0.0847214254,0.0138963675
201010,24432,-0.0466074,0.0107851215
201010,35167,0.0076116163,0.009577991
201010,76625,0.0434240082,0.009895352
201103,11404,0.024126756900000004,-0.00036096724
201103,19502,0.0480836667,-0.004105503
201103,19561,0.03440675879999999,-0.0032539605
201103,24432,0.0429297537,-0.0007956667
201103,76625,-0.09371566,-0.00042729278
201103,80791,0.0217277315,-0.0013831501
201103,84519,0.027268052100000002,-0.002643472
201103,90442,-0.051001702,-0.0033041728
201103,90992,-0.019384672999999998,-0.0037176618
201103,91066,0.0558578521,-0.004220243
201103,92221,-0.041137103,-0.00437439
201104,10375,0.0012678808000000001,-0.0039074277
201104,11404,0.0797082111,0.006967864
201104,19502,0.0314063951,0.002927848
201104,19561,0.16463121770000003,0.00015236241
201104,24432,0.0383808315,-0.0039967573
201104,76625,-0.029791961999999998,-0.013043347
201104,80791,-0.074539319,-0.016151711
201104,84519,0.136877805,-0.014455077
201104,90442,-0.037114434,-0.011197039
201104,90992,0.11920115350000002,3.157219e-05
201104,91066,0.1011152864,0.011562356
201104,92221,0.0046421182,0.021502674
201105,10375,-0.029729765,0.027261967
201105,11404,-0.019771734000000006,0.009063998
201105,19502,0.0475835763,0.0066934386
201105,19561,0.1163848713,0.007139677
201105,24432,0.0647641867,0.005867735
201105,76625,0.0885569677,-0.0015713471
201105,80791,0.0345385373,-0.0049983277
201105,84519,0.0259663798,-0.006993596
201105,90442,-0.006612753000000001,-0.008993357
201105,90992,0.1306774616,-0.009059529
201105,91066,0.1106382981,-0.003304822
201105,92221,0.0324521065,0.0006545513
201106,10375,0.0166853294,0.0018102141
201106,11404,0.0536681525,-0.018014302
201106,19502,0.030257023899999992,-0.020481715
201106,19561,0.0622996166,-0.01687308
201106,24432,0.0405346528,-0.012315513
201106,76625,-0.055636119,-0.0111964345
201106,80791,-0.0013291440000000009,-0.011468457
201106,84519,0.0732031763,-0.0118696885
201106,90442,-0.084849127,-0.01048071
201106,90992,0.0127737541,-0.008851278
201106,91066,0.0558558442,-0.006918553
201106,92221,0.0226108879,-0.004476042
201107,10375,0.021061500500000004,-0.0033751312
201107,11404,0.076219514,-0.006844875
201107,19502,0.036473114,-0.008611417
201107,19561,0.0538093522,-0.00782548
201107,24432,0.0117035313,-0.00748877
201107,76625,0.0359897427,-0.008294695
201107,80791,0.0179900117,-0.0094300825
201107,90442,0.0288058817,-0.008725504
201107,90992,0.046682216199999994,-0.006777425
201107,91066,0.0680153593,-0.0048417873
201107,92221,0.0184131097,-0.001603909
201108,11404,-0.028957830999999996,3.786444e-05
201108,19502,0.0475325398,0.0009983742
201108,19561,0.0718750134,-0.010875334
201108,24432,0.032555863299999994,-0.009248982
201108,76625,-0.014399989,-0.0073097064
201108,80791,-0.069614217,-0.006124133
201108,90442,0.0790310651,-0.0048309327
201108,90992,-0.0071340250000000004,-0.00191163
201108,91066,0.05173406380000001,-0.00039494142
201108,92221,-0.023956980999999995,-0.00012304923
201109,11404,0.0656089485,0.00068606634
201109,19502,-0.044929035,0.0023507224
201109,19561,0.049335140699999995,0.005993242
201109,24432,0.046054326,0.0073285764
201109,76625,0.1641791016,-0.014685391
201109,80791,-0.034346342,-0.015518176
201109,90442,0.0381085575,-0.017951889
201109,90992,0.0263241325,-0.01912387
201109,91066,0.0367737524,-0.020947978
201109,92221,0.0244411919,-0.02090176
201110,11404,0.0710111111,-0.017291043
201110,19502,0.0890859291,-0.012369285
201110,19561,0.12539781630000002,0.028192583
201110,21742,-0.031561095,0.02303117
201110,24432,0.1295759529,0.026384706
201110,80791,0.0417356975,0.022510849
201110,90442,0.1394771487,0.015544728
201110,90763,-0.05860234100000001,0.010975343
201110,90992,0.0897364318,0.009774845
201110,91066,0.010729814899999999,0.008016173
201110,92221,0.1378633529,0.0012824378
201111,11404,-0.0020384640000000002,0.001975798
201111,19502,-0.17770265,-4.064908e-05
201111,19561,-0.025083533999999998,0.0036875757
201111,24432,-0.07194829,-0.016022418
201111,80791,0.0616289638,-0.014765096
201111,90442,0.022769242500000002,-0.012116778
201203,24432,-0.015738042,0.009709241
201203,80791,0.0417202599,0.011556144
201203,90442,-0.042818869999999995,0.015698854
201203,90763,0.0816402063,0.012028641
201203,90992,-0.041185603,0.0120587675
201203,91066,0.0496274047,0.0076166214
201203,92221,-0.028576402,0.00765304
201204,11404,0.0433232151,0.0040193694
201204,19502,-0.021247186,0.0038912713
201204,19561,0.1182492226,0.0015026728
201204,21742,0.006628802,0.0033549026
201204,24432,0.0452890024,0.0004633478
201204,90442,-0.0015668550000000002,0.022316357
201204,90763,0.1903225631,0.021320969
201204,90992,-0.028256046,0.020531528
201204,91066,0.0283205025,0.009456611
201204,92221,0.0636966452,-0.0055475207
201205,11404,0.0308718327,-0.0052561034
201205,19502,-0.072305419,1.3669177e-05
201205,19561,-0.115057386,-0.0027961743
201205,21742,-0.020654328,0.0064473473
201205,24432,0.0835161284,0.022337953
201205,90442,0.0736141279,0.03311957
201205,90763,-0.082277112,0.0004733537
201205,90992,0.03504706920000001,-0.005284901
201205,91066,-0.026605649,-0.005178487
201205,92221,0.0281297825,-0.014644783
201206,10375,0.0539450906,-0.024398454
201206,11404,-0.059297573,-0.024756009
201206,19502,-0.05305352399999999,-0.024193529
201206,19561,0.05851593239999999,-0.018134426
201206,21742,0.0045740865,-0.011287429
201206,24432,-0.019390749,-0.0068582194
201206,80791,0.0814986527,-0.006470507
201206,90442,-0.032599024,-0.004904587
201206,90763,0.0181518365,0.019295212
201206,90992,0.0737439245,0.020170113
201206,91066,0.0293110181,0.024260152
201206,92221,-0.007766308999999999,0.01689247
201207,11404,-0.042862438,0.008119528
201207,19502,0.0557956807,0.0034587367
201207,19561,-0.077409744,0.0065746293
201207,21742,0.04477608579999999,0.004114822
201207,24432,-0.05843396900000001,0.008686787
201207,80791,0.1141911522,0.007750272
201207,90442,-0.019123662,0.012748879
201207,90763,0.0855941847,0.012774386
201207,90992,-0.097109795,0.042516623
201207,91066,0.0419334024,0.043591782
201207,92221,-0.040092118,0.042064328
201208,11404,0.0064266981,0.024198996
201208,19502,0.1002554074,0.0076182405
201208,19561,-0.006674392000000001,-0.00046171094
201208,21742,-0.075080328,-0.0060179224
201208,24432,0.0878079236,-0.00529218
201208,90442,-0.029181106,0.0037035719
201208,90763,-0.004203038000000001,0.0065839533
201208,90992,0.0660235956,0.010465827
201208,91066,0.0432691947,0.017718723
201208,92221,-0.320296854,0.046844393
201209,11404,-0.052547984,0.035577234
201209,19502,0.0570495836,0.025486134
201209,19561,0.0135135371,0.022462176
201209,21742,-0.007160516000000002,0.012733324
201209,24432,0.0437702611,0.004558058
201209,90442,0.0775156394,-0.0021290437
201209,90763,-0.031694576,-0.00930131
201209,90992,0.0844942257,-0.0110822115
201209,91066,-0.12128867999999998,-0.0014844177
201209,92221,0.04664906490000001,0.009232986
201210,11404,-0.06540487,0.02747136
201210,19502,-0.07006371,0.033500608
201210,19561,-0.104833499,0.0710463
201210,21742,0.0796974078,0.09005975
201210,24432,-0.085467458,0.08109004
201210,90442,-0.019346062,0.041872695
201210,90763,-0.087916769,0.009950303
201210,90992,0.1233807653,0.026392657
201210,91066,-0.030398339000000003,0.02457086
201210,92221,0.24270266290000003,0.008259974
201211,11404,-0.053362291,0.00225891
201211,19502,0.2531062365,-0.017708253
201211,19561,0.0351818502,-0.010667178
201211,21742,-0.092975765,-0.04623915
201303,21742,0.0495378971,0.004854262
201303,24432,-0.079243645,0.0067190523
201303,90442,-0.033892926,0.004282719
201303,90763,0.0090163806,0.0029073777
201303,90992,0.0152721507,0.0039136033
201303,91066,-0.064036205,0.00771036
201303,92221,0.09865237030000001,0.00943163
201304,10375,-0.0004717769999999996,0.011777708
201304,11404,0.0626291335,0.009539639
201304,19502,-0.016454726,0.01067772
201304,19561,-0.044866897,0.01028974
201304,24432,0.034010941,0.017016696
201304,90442,0.13108477,0.016550312
201304,90763,0.0192585271,0.0062294393
201304,90992,-0.020666037,-0.009053734
201304,91066,0.0391594842,-0.015660878
201304,92221,-0.016309343,-0.0053336504
201305,10375,0.1443627924,0.008893904
201305,11404,-0.100589819,0.011068243
201305,13379,-0.039861403,0.011217915
201305,19502,0.0190132596,0.009436883
201305,19561,-0.0034246749999999994,0.0083956625
201305,24432,0.013288075900000001,0.010650615
201305,35167,0.1184028313,0.0052935933
201305,90442,0.0439568758,0.0042261104
201305,90763,-0.005104437000000001,-0.002646529
201305,90992,-0.04490941799999999,-0.0120405685
201305,91066,-0.013324905999999997,-0.017772138
201305,92221,-0.012809585999999998,-0.012219995
201306,11404,0.0392877534,-0.0060329237
201306,13379,-0.08725813799999999,-0.00053542294
201306,19502,0.0020661484000000004,0.0054517947
201306,19561,0.1307370067,0.01055212
201306,24432,-0.011548661999999998,0.008766702
201306,35167,-0.006012688999999999,0.0063269786
201306,90442,0.0408306867,0.012925306
201306,90763,-0.091816001,0.011375255
201306,90992,0.0026305786,0.009045913
201306,91066,-0.01874063,0.007720175
201306,92221,0.005156585,0.004299904
201307,11404,-0.073264286,0.008421514
201307,13379,0.0807119533,0.01166972
201307,19502,-0.03619305,0.013241115
201307,19561,0.0842696801,0.0141871
201307,24432,0.0177646019,0.012867539
201307,35167,-0.009000009,0.00848278
201307,90442,0.0117562318,0.009534575
201307,90763,-0.136622369,0.027176974
201307,90992,0.0687598288,0.022528267
201307,91066,-0.029670970999999997,0.020033734
201307,92221,0.014294324400000002,0.01118316
201308,11404,0.0026986555,0.009701001
201308,13379,-0.03648317599999999,0.014363499
201308,19502,0.0403475836,0.014823415
201308,19561,-0.174821019,0.013682226
201308,21742,-0.015907453,0.012652327
201308,24432,0.1407461911,0.019042624
201308,35167,-0.030116529999999996,0.016147401
201308,90442,-0.09091807,0.012810585
201308,90763,0.0109764664,0.029436482
201308,90992,0.0208460148,0.025792029
201308,91066,-0.032076888,0.019612713
201308,92221,0.1029359922,0.011312572
201309,11404,-0.016497966,0.0063204905
201309,13379,0.0423825234,-0.0023979954
201309,19502,-0.027987295999999995,-0.0057416386
201309,19561,-0.072062723,-0.009512685
201309,21742,-0.0001723549999999999,-0.003346729
201309,24432,0.0305172484,0.002002618
201309,35167,0.0315375328,0.00871817
201309,90442,-0.039675033,0.008577299
201309,90763,-0.029215914999999995,-0.03139732
201309,90992,0.056720983200000005,-0.014873637
201309,92221,-0.063732184,-0.0009088693
201310,11404,0.1616879404,-0.008741396
201310,13379,0.0196726136,-0.01322508
201310,19502,-0.022924328,-0.015161725
201310,19561,-0.077699326,-0.01792299
201310,21742,-0.15793097,-0.016558794
201310,24432,-0.171622038,0.0025168015
201310,35167,0.0802768022,0.034973238
201310,84519,0.2528209388,0.063367866
201310,90442,-0.071481062,0.06296137
201310,90763,0.019217748199999996,-0.009050397
201310,90992,0.029577046599999997,-0.014073672
201310,92221,0.0045963759,-0.01425918
201311,11404,-0.113954835,-0.014352934
201311,13379,-0.10682592499999999,-0.0035540904
201311,19502,0.014634171500000001,0.024734529
201311,19561,0.0594729371,0.045951914
201311,21742,-0.011696615,0.0533244
201311,24432,0.0221992005,-0.035195377
201311,35167,0.06059066209999999,-0.031429052
201311,90442,-0.10033606,-0.025661757
201311,90763,-0.03255073,-0.021549284
201311,90992,-0.016146939,0.0009247863
201311,92221,0.0633843169,0.019952133
201312,11404,0.08568380029999999,0.028342785
201312,13379,-0.078201829,0.025936982
201403,35167,0.0795639621,0.024876593
201403,90442,0.0183906142,0.029275503
201403,90992,0.094215091,0.02126549
201403,92221,-0.026463928,0.013549008
201404,11404,-0.009081184000000003,0.00087614596
201404,13379,0.0978070978,-0.0029525994
201404,19502,-0.004675393,-0.0065683476
201404,19561,-0.052148074,-0.012368099
201404,24432,0.0004644924000000005,-0.0117490655
201404,35167,0.0031200529999999994,-0.005001196
201404,90442,-0.067737406,-0.0011265626
201404,90992,0.0557413338,0.002363076
201404,92221,-0.21298897099999997,0.032407597
201405,11404,-0.058311954,0.02167927
201405,13379,0.1220477555,0.012733907
201405,19502,0.062233930300000004,0.0012258847
201405,19561,0.105132805,-0.013271208
201405,24432,-0.057119067999999995,-0.022135701
201405,35167,0.154100496,-0.030574959
201405,90442,-0.068955984,-0.027088325
201405,90992,0.0073549213,-0.025415976
201405,92221,0.0255327594,-0.013432342
201406,11404,-0.042798118999999996,-0.0011171954
201406,13379,-0.112587357,0.013094079
201406,19502,-0.0054684239999999995,0.027058423
201406,19561,0.06693953609999999,0.030606342
201406,21742,-0.058979382999999996,0.031252
201406,24432,-0.019272518,0.029350214
201406,35167,0.0756397281,0.033237297
201406,90442,-0.048476651999999995,0.03554479
201406,90992,0.0229545623,0.032281805
201406,92221,-0.0013150580000000026,0.035332754
201407,11404,0.0259721723,0.03479038
201407,13379,0.0286078433,0.031710166
201407,19502,-0.023550338,0.031565346
201407,19561,-0.169267995,0.022720847
201407,24432,-0.0073588859999999985,0.036644384
201407,35167,0.0739242319,0.04748621
201407,90442,0.0618190186,0.050438933
201407,90992,-0.056183094,0.04674785
201407,92221,0.0292886529,0.042433456
201408,11404,0.0289830953,0.04173461
201408,13379,-0.023542859000000003,0.041285235
201408,19502,0.0174902935,0.04036686
201408,19561,0.0809445788,0.042838063
201408,24432,0.0646335947,0.045227543
201408,35167,0.033706346,0.04415698
201408,90442,0.0207714642,0.016402502
201408,90992,0.061582676700000005,0.019780971
201408,92221,0.09898199480000001,0.016085206
201409,11404,-0.03172791999999999,0.007440148
201409,13379,-0.057336608,-0.0015492955
201409,19502,0.0416094359,-0.0021157698
201409,19561,-0.020594701999999996,-0.0006050639
201409,24432,-0.079363894,-0.0010632243
201409,35167,0.00458649,0.00457814
201409,90442,0.04193996230000001,0.014130176
201409,90992,-0.062512135,0.01662115
201409,92221,0.03607745230000001,0.017139133
201410,11404,0.0390420685,0.030814312
201410,13379,0.021471827899999997,0.027522903
201410,19502,0.0721382682,0.023518566
201410,19561,0.052631622,0.018126806
201410,21742,0.0310372057,0.013268657
201410,24432,-0.106461015,0.010261925
201410,35167,0.0471605841,0.009535274
201410,90442,-0.004874116000000001,0.047693595
201410,90992,0.0020140023999999992,0.050303012
201410,91066,0.04361446540000001,0.046769336
201410,92221,0.0679851042,0.040965967
201411,11404,-0.029316501999999998,0.03644943
201411,13379,-0.068257448,0.030019488
201411,14179,-0.008273369,0.026869053
201411,19502,-0.080851134,0.032520838
201411,19561,0.0026168770999999997,0.03063678
201411,21742,0.0664935965,0.03425584
201411,24432,0.063181551,0.03701226
201411,35167,-0.029166694999999996,0.03656429
201411,90442,-0.11670894799999999,0.02522337
201411,90992,-0.006221839999999999,0.031005323
201411,91066,0.1937610243,0.03743083
201411,92221,-0.007993068000000002,0.03878326
201412,11404,-0.002129549999999999,0.032139298
201412,13379,-0.059746078999999994,0.028505245
201412,14179,-0.140908105,0.041316792
201412,19561,0.03563066170000001,0.018483927
201412,21742,0.1593911533,0.003603756
201412,24432,0.059636963400000007,-0.010224191
201412,35167,0.0928618105,-0.019453492
201412,90442,0.0314483378,-0.017179137
201412,90992,0.0880206857,-0.014485895
201412,91066,0.1233954911,-0.0072714887
201412,92221,0.076079074,-0.0046400973
201501,11404,-0.091890578,0.0015528012
201501,13379,-0.060751079,0.008353508
201501,14179,-0.009994638999999996,0.022899184
201501,19502,-0.085189689,-0.009148818
201501,19561,-0.057794702,-0.0043829433
201501,21742,0.065923536,0.00850668
201501,24432,-0.013334451999999997,0.023485111
201501,35167,-0.074901646,0.020117752
201501,90442,-0.03459972,0.0153605705
201502,92221,0.0086933517,0.029181907
201503,11404,0.0450606935,0.032645833
201503,13379,0.0077478033,0.03232122
201503,14179,0.0203600964,0.032194406
201503,19502,0.0523768206,0.028609892
201503,19561,-0.02439516,0.028193451
201503,21742,0.0245412874,0.031440716
201503,24432,0.0244439061,0.03321036
201503,35167,-0.043501120000000004,0.03327518
201503,90442,0.0656592775,0.03356639
201503,90992,0.0419658074,0.032628108
201503,91066,-0.046834457,0.034469903
201503,92221,0.1307827749,0.024644153
201504,11404,0.0664855682,0.022583812
201504,13379,0.0087717869,0.017941747
201504,14179,0.0319289054,0.014033617
201504,19502,-0.04833746099999999,0.011132343
201504,19561,-0.07163204000000001,0.015835313
201504,21742,0.0541426621,0.015147834
201504,24432,0.1170803088,0.026285516
201504,35167,-0.010737473,0.029190619
201504,90442,0.0121965337,0.030824069
201504,90992,0.1892444627,0.029844116
201504,91066,0.0334363732,0.024470285
201504,92221,0.0317353152,0.011707187
201505,11404,-0.018015743,0.021423023
201505,13379,-0.049090663,0.02940696
201505,14179,-0.07152143800000002,0.036311768
201505,19502,-0.029859123,0.041178957
201505,19561,0.0499591109,0.04763751
201505,21742,-0.046512110999999995,0.042480282
201505,24432,-0.046001855,0.039122373
201505,35167,0.0097652658,0.038269468
201505,90442,-0.026025628000000002,0.03996165
201505,90992,-0.021418537,0.040039606
201505,91066,-0.0009000000000000015,0.041755404
201505,92221,-0.010308164000000002,0.044453036
201506,10375,0.0583624423,0.04537829
201506,11404,-0.038850526,0.04113595
201506,13379,0.0415228504,0.041142955
201506,14179,-0.06005232499999998,0.041791715
201506,19502,-0.034048521,0.042955913
201506,19561,0.0294366448,0.04691285
201506,21742,0.0143473273,0.043697286
201506,24432,-0.05341532400000001,0.04669451
201506,35167,-0.142702698,0.047233243
201506,84519,0.1031687023,0.04709756
201506,90442,-0.0028241259999999997,0.044227812
201506,90992,0.0493174077,0.048537962
201506,91066,0.11115304309999999,0.04703249
201506,92221,-0.018998303,0.047338393
201507,10375,0.044563898,0.042604946
201507,11404,0.0222318069,0.04189766
201507,13379,0.0533359115,0.038585342
201507,14179,0.2253935903,0.038254414
201507,19502,-0.006591672999999999,0.037186295
201507,19561,0.0598110187,0.029704338
201507,21742,0.0139302745,0.029823126
201507,24432,0.0776555972,0.028732328
201507,35167,0.0645263571,0.028574793
201507,75233,-0.031860259,0.034780316
201507,84519,-0.0031850279999999995,0.036760893
201507,90442,-0.020635152999999996,0.029833067
201507,90992,3.4518399999999144e-05,0.02401458
201507,91066,0.0379473333,0.024438156
201507,92221,-0.080331926,0.026360262
201508,10375,-0.0016336249999999997,0.02942803
201508,11404,-0.013359033,0.03329519
201508,13379,0.0373280275,0.03674715
201508,14179,0.0482548926,0.034042567
201508,19502,0.0531408252,0.027995156
201508,19561,-0.073860645,0.026530795
201508,21742,0.0069125721,0.03259334
201508,24432,0.0643912994,0.034576703
201508,35167,0.005205845000000001,0.035680544
201508,75233,0.0121625886,0.036552552
201508,84519,-0.020370212,0.034968406
201508,90442,0.0185437919,0.031341475
201508,90992,0.0532617464,0.030912204
201508,91066,0.0025024604,0.028096003
201508,92221,-0.013607764000000005,0.026181322
201509,10375,0.0825984407,0.025236515
201509,11404,0.0526571856,0.025098309
201509,13379,-0.06123225400000001,0.027385373
201509,14179,0.1375816532,0.033894304
201509,19502,-0.053931113999999995,0.038563244
201509,19561,0.0886267549,0.03511193
201509,21742,-0.060915356999999996,0.03707447
201509,24432,-0.09972930400000002,0.036704093
201509,35167,0.0354595249,0.03438761
201509,75233,0.0287223055,0.032447506
201509,84519,-0.056320010999999996,0.029816007
201509,90442,-0.042597398,0.026359363
201509,90992,-0.014083410000000001,0.02638588
201509,92221,0.2231685208,0.029854225
201510,10375,0.1869318851,0.01358318
201510,11404,0.1370399662,0.010320798
201510,13379,0.0032567228000000004,0.0013768533
201510,14179,0.08197033509999999,-0.0043880427
201510,19502,0.2012259615,-0.011323421
201510,19561,-0.088128557,-0.0066148816
201510,21742,0.1489333182,-0.0021700813
201510,24432,-0.10474165500000002,0.006180728
201510,35167,0.0014600086999999994,0.0049812
201510,75233,-0.07281131300000002,0.01232833
201510,84519,0.144137858,0.004353646
201510,90442,0.1432811025,0.0030336427
201510,90992,0.0126879125,0.025433393
201510,92221,0.0284766394,0.0031053117
201511,10375,-0.161676675,0.01221933
201511,11404,0.0157588929,0.023041636
201511,13379,-0.032761577,0.030026078
201511,14179,0.0217669742,0.02975273
201511,19502,-0.038601133999999995,0.031145955
201602,90442,0.0824912197,-0.031135295
201602,90992,-0.135392617,-0.013808071
201602,91066,-0.055231741,0.0114650065
201602,92221,-0.060271245,0.011907989
201603,11404,0.0396264382,0.014742775
201603,13379,0.0266984696,0.018317284
201603,14179,-0.034907973,0.017178463
201603,19502,0.0148908901,0.018359125
201603,19561,0.010582571,0.015363487
201603,21742,0.007458659,0.009990872
201603,24432,-0.036214278,0.0113678565
201603,35167,-0.004393797999999999,0.0119699845
201603,75233,0.0648447133,0.014123603
201603,84519,-0.050413187,0.02179913
201603,90442,0.1138411218,-0.005455495
201603,90992,0.007885538,0.0081320675
201603,91066,0.0545867234,0.0072136917
201603,92221,0.04189710449999999,0.012174359
201604,11404,0.0780933811,0.015165553
201604,13379,-0.106986112,0.011901227
201604,14179,-0.031970317,-0.0005054669
201604,19502,0.3319067332,-0.0096387295
201604,19561,-0.057996222,-0.009709126
201604,21742,-0.176161898,-0.010018391
201604,24432,0.11729061669999999,-0.009361149
201604,35167,-0.063577059,0.008623164
201604,75233,0.021431594899999996,0.004075519
201604,84519,-0.033009462,0.018392615
201604,90442,0.05418979,0.01922813
201604,90992,-0.04422117600000001,0.02422779
201604,91066,0.0043895058,0.025188532
201604,92221,0.1158161028,0.023161644
201605,11404,-0.039539083,0.019414723
201605,13379,-0.100431579,0.015833568
201605,14179,-0.044719943,0.015948549
201605,19502,-0.10466673,0.020256098
201605,19561,-0.175494164,0.023710929
201605,21742,-0.286843862,0.037223205
201605,24432,0.0351536105,0.025805037
201605,35167,-0.080425043,0.026358679
201605,75233,-0.050744336,0.020800663
201605,90442,0.0135686225,0.0137284715
201605,90992,-0.056478972,0.008118282
201605,92221,-0.039466998,0.0027885837
201606,10375,0.1251183721,7.980553e-06
201606,11404,0.0188080865,-0.0010511829
201606,13379,0.0618022785,-0.0007000975
201606,14179,0.0923386165,-0.001215661
201606,19502,0.0651424832,-0.002633351
201606,19561,-0.194984492,0.006716018
201606,21742,0.2004208023,0.0059756245
201606,24432,0.0258492231,0.007953854
201606,35167,-0.095879238,0.0017041126
201606,75233,0.0159233878,-0.0053802384
201606,84519,0.0594886145,-0.0076540755
201606,90442,-0.04867962599999999,-0.010654871
201606,90992,0.0603652979,-0.012307513
201606,92221,-0.034718103,-0.0041644285
201607,11404,0.0834207491,0.0013955021
201607,13379,-0.047718791,0.0050032362
201607,14179,-0.019807033,0.003699028
201607,19502,-0.071961958,0.014435585
201607,19561,0.0830415392,0.0145181
201607,21742,-0.073761243,0.017013473
201607,24432,-0.023715981999999997,0.02131944
201607,35167,-0.119009531,0.019677665
201607,75233,0.0006704408999999995,0.017611688
201607,84519,0.0841371729,0.014273074
201607,90442,0.0420809622,0.0050856853
201607,92221,0.0421922925,-0.006433922
201608,11404,0.1293575124,-0.014444248
201608,13379,-0.022889854,-0.013747877
201608,14179,0.0248434122,-0.0045853807
201608,19502,-0.012272664,0.0086931605
201608,19561,-0.035939479,0.0027753739
201608,21742,-0.05556662,0.0076831495
201608,24432,0.0894660838,0.012054106
201608,75233,0.0281690037,0.015699865
201608,84519,0.0439711934,0.016234877
201608,90442,0.11672475560000001,0.038572133
201608,92221,-0.0071914909999999995,0.03640176
201609,10375,-0.10625439700000001,0.03369283
201609,11404,0.1487085013,0.024235815
201609,13379,-0.043471015,0.015534508
201609,14179,0.2417070987,0.009825841
201609,19502,-0.012266312,0.005846628
201609,19561,-0.0012597800000000003,0.0014253091
201609,21742,0.0417060374,-0.001125372
201609,24432,0.0375463184,-0.0036559189
201609,75233,0.0834146596,0.008397627
201609,84519,-0.027494595999999996,0.019626906
201609,90442,0.2290167416,0.01664034
201609,92221,0.001147468599999998,0.0014076047
201610,10375,-0.08249801,-0.017583588
201610,11404,-0.048483333,-0.027145863
201610,13379,-0.14503534700000004,-0.01957063
201610,14179,0.026451345,0.0059925956
201610,19502,0.1455247822,0.035457127
201610,19561,-0.003058109,0.05424703
201610,21742,-0.007165729000000001,0.044475786
201610,24432,-0.048805752,0.038155857
201610,75233,0.0828533179,0.023079878
201610,84519,-0.169968839,0.029223591
201703,10375,-0.134047577,0.024463259
201703,11404,0.08896607970000002,0.022545584
201703,13379,0.0045240677,0.02593015
201703,14179,0.0134637255,0.03270182
201703,19502,0.0695457242,0.039038546
201703,19561,0.026723417,0.036923807
201703,21742,0.0138180071,0.027025895
201703,24432,0.0081135483,0.020120267
201703,75233,0.0141906968,0.018594991
201703,84519,-0.032921912,0.018993447
201703,90442,0.0534847761,0.019876923
201703,92221,0.0608546666,0.025123095
201704,10375,-0.025417085,0.023771392
201704,11404,-0.050972304,0.01766435
201704,13379,0.0398015393,0.024352336
201704,14179,0.1885532943,0.052856475
201704,19502,0.08663326570000002,0.06559339
201704,19561,-0.084914466,0.036801275
201704,21742,0.1057651249,0.016132671
201704,24432,-0.176324839,0.008007053
201704,84519,0.10136696759999998,0.0054276
201704,90442,0.0741238394,0.007598512
201704,92221,-0.175201344,-2.603428e-05
201705,10375,0.0522153906,0.004601543
201705,11404,0.0162177375,0.020512894
201705,13379,0.2427146638,0.0018892501
201705,14179,0.002285853400000001,-0.008325587
201705,19502,0.0692525116,0.031542104
201705,19561,-0.140965059,0.055098526
201705,21742,0.0554150028,0.022016533
201705,24432,-0.010518511999999999,0.05162695
201705,75233,-0.113151608,0.042877246
201705,84519,-0.155411223,0.028083399
201705,90442,-0.072848545,0.020685349
201705,92221,0.106225901,0.0015543931
201706,11404,-0.005192417999999999,-0.017016478
201706,13379,-0.05376559,-0.029774122
201706,14179,0.0786845244,-0.023219477
201706,19502,-0.0111824,-0.00085430976
201706,19561,0.0951399038,0.012206594
201706,21742,-0.012138245,0.025789285
201706,24432,0.193620911,0.027425779
201706,75233,0.1444450027,0.04599536
201706,84519,-0.134957505,0.03670524
201706,90442,-0.011879274,0.022043096
201706,92221,-0.092187153,0.01685436
201707,11404,0.0637719265,0.017586384
201707,13379,-0.064618101,0.01590784
201707,14179,0.07157253200000001,0.010217732
201707,19502,0.0431888892,0.0064606513
201707,19561,-0.108204978,0.00447756
201707,21742,0.0821308473,0.001119281
201707,24432,-0.111782825,0.007716306
201707,84519,0.0043772381,0.03517752
201707,90442,0.0452936671,0.053093858
201707,92221,-0.046207563,0.052355047
201708,11404,0.027953596899999995,0.037546277
201708,13379,-0.026807247,0.018194215
201708,14179,0.206675396,-0.006482604
201708,19502,0.0381025509,-0.019425862
201708,19561,0.0350870612,-0.028136935
201708,21742,-0.04165703,-0.0270033
201708,24432,0.0602639477,-0.005923844
201708,84519,0.0161292365,0.011960731
201708,90442,-0.086454949,0.015909435
201708,92221,0.1181789867,0.012835877
201709,11404,-0.126606976,0.0018294145
201709,13379,0.0252165628,0.0026759314
201709,14179,-0.091255421,0.013073315
201709,19502,0.1753609187,0.0035307729
201709,19561,0.0975407982,0.0012229503
201709,21742,-0.096469547,0.004022434
201709,24432,-0.043334346,0.0069638677
201709,75233,-0.05538538400000001,0.024840372
201709,84519,0.021429315,0.026670631
201709,90442,0.1232048361,0.02275164
201709,92221,0.2408571152,0.05442603
201710,10375,0.258612097,0.087356746
201710,11404,0.1047718996,0.06393654
201710,13379,-0.048561694,0.029774172
201710,14179,0.17631947080000002,-0.0039098896
201710,19502,0.0705024607,-0.03213788
201710,19561,0.0138738421,-0.046905473
201710,21742,-0.044759228000000005,-0.050466552
201710,24432,-0.074739783,-0.042959485
201710,84519,-0.055497578000000006,-0.023435026
201710,90442,0.1120458895,-0.022164855
201710,90870,-0.016281695,-0.025454402
201710,92221,-0.046854595,0.016171884
201803,13379,0.0377184447,0.02551562
201803,14179,-0.154551068,0.02386894
201803,19502,-0.011703447,0.020660533
201803,19561,0.0102564497,0.023102876
201803,21742,-0.037853876,0.024083354
201803,24432,-0.041799938,0.01744674
201803,84519,0.0680218058,0.011432996
201803,90870,-0.061599483999999996,0.0052329763
201803,92221,0.0904523822,-0.0023872843
201804,10375,0.0087688275,7.37616e-05
201804,11404,-0.018892176999999996,0.000103932725
201804,13379,-0.052296766999999994,0.007026074
201804,14179,0.03535614129999999,-0.009306106
201804,19502,-0.05227556999999999,-0.0005357713
201804,19561,-0.144515895,0.009404499
201804,21742,0.1119384989,0.019091705
201804,24432,0.3239239024,0.030720307
201804,84519,0.06909931619999998,0.026742117
201804,90870,0.05586381800000001,0.0076339617
201804,92221,0.0452245379,-0.007991879
201805,10375,-0.14235138700000002,-0.015316044
201805,11404,0.0525762791,-0.015983392
201805,13379,0.0309038347,-0.001180052
201805,14179,-0.168040021,0.0081148455
201805,19502,-0.13885089,0.01686051
201805,19561,-0.092301281,0.031546447
201805,21742,-0.001518495,0.040736742
201805,24432,-0.053770471,0.043016687
201805,84519,0.002383199800000001,0.03211977
201805,92221,-0.012908552999999998,0.021535328
201806,10375,-0.039731996,0.0136310365
201806,11404,-0.054693433,0.0054458515
201806,13379,-0.055334145,0.002457871
201806,14179,-0.052438454999999995,0.0058059525
201806,19502,0.130261259,0.009764136
201806,19561,0.0490976552,0.016177885
201806,21742,-0.024292451,0.000423056
201806,84519,-0.130351359,0.009732319
201806,92221,-0.45918955699999997,0.012302742
201807,10375,-0.054445457,0.014906496
201807,11404,0.0341504717,0.04157819
201807,13379,0.2566706108,0.047749482
201807,14179,-0.138125105,0.04632041
201807,19502,0.08736840060000002,0.03931719
201807,19561,-0.038279561,0.03965098
201807,21742,-0.126385821,0.027201425
201807,84519,0.4592116343,0.009960891
201807,90870,0.0157985853,0.008727556
201807,92221,0.0124744201,0.012949469
201808,10375,0.012227848,0.019906571
201808,11404,-0.188577615,0.018260416
201808,13379,0.1452184916,0.0148405265
201808,14179,0.0548500808,0.024360597
201808,19502,-0.064020312,0.019664152
201808,19561,0.0667137893,0.011974117
201808,21742,0.1171184423,0.011175316
201808,84519,-0.001224612,0.0060491767
201808,90870,-0.049410368,-0.0011792557
201808,92221,0.0776717531,0.0022175703
201809,10375,-0.016942788,0.011665017
201809,11404,-0.342441433,0.029257076
201809,13379,0.1231492087,0.029537745
201809,14179,0.1101778167,0.055056963
201809,19502,-0.047096094,0.05341821
201809,19561,-0.08679050800000002,0.047168396
201809,21742,0.078481892,0.04020594
201809,84519,-0.082120558,0.027975043
201809,90870,-0.017920279999999997,0.009117831
201809,92221,0.4181275832,-0.0053177727
201810,10375,0.06031220949999999,-0.014420171
201810,11404,0.1579124999,0.020728832
201810,13379,-0.072044598,0.009993789
201810,14179,-0.208189331,0.006349151
201810,19502,0.1942978203,0.015927842
201810,19561,0.4594636129,0.028290838
201810,21742,0.1573553996,0.030316131
201810,84519,0.1407543289,0.021029722
201810,90870,0.0389976258,0.008455722
201810,92221,-0.073787084,0.0013105356
201811,10375,0.1214450391,0.0012176436
201811,11404,0.279361205,0.007152733
201811,13379,0.0783701407,0.007809045
201811,14179,-0.05578562799999999,0.01891685
201811,19502,0.0340706256,0.022721415
201811,19561,0.1617683619,0.027484227
201811,21742,0.1947107779,0.030195255
201811,84519,-0.020005873,0.017829606
201811,90442,0.0986813622,0.0023393864
201811,90870,-0.046142646999999995,-0.0022542132
201811,92221,-0.300963177,-0.006073431
201812,10375,-0.00765856,-0.0040174164
201812,11404,0.1372445094,0.013694004
201812,13379,0.17958748509999997,0.014301832
201903,13379,-0.020717101,-0.005773328
201903,19502,-0.06152864200000001,0.0041799503
201903,19561,0.1393754929,0.007241875
201903,21742,0.0348930545,0.0096159605
201903,84519,0.0078154523,0.006307352
201903,90870,-0.071465522,0.004084076
201903,92221,0.0285833161,0.004679717
201904,10375,0.0332791172,0.008041144
201904,11404,-0.037905909,0.009296379
201904,13379,0.0387106389,0.012097802
201904,19502,0.03998670730000001,0.015988266
201904,19561,0.0988180878,0.016631465
201904,21742,-0.028706749999999996,0.02285993
201904,84519,-0.133430317,0.020964023
201904,90870,-0.05265365500000001,0.01983189
201904,92221,-0.06687332700000001,0.020691108
201905,10375,-0.04129094600000001,0.017840033
201905,11404,0.1929043382,0.0229254
201905,13379,-0.017983165000000002,0.018446501
201905,19502,0.0767009407,0.015032009
201905,19561,-0.053378612000000006,0.016829537
201905,21742,0.1389675885,0.012928778
201905,84519,-0.265865833,0.014565971
201905,90870,-0.043736352,0.01474918
201905,92221,0.259930061,-0.010891349
201906,10375,-0.036865667,-0.009214125
201906,11404,0.1454204321,-0.008317721
201906,13379,-0.03278693900000001,-0.001279211
201906,19502,0.0005179166999999991,0.0014706809
201906,19561,-0.0009494729999999993,0.010660287
201906,21742,-0.103782535,0.020891156
201906,84519,0.0864792839,0.026883325
201906,90870,-0.07290642,0.033223074
201906,92221,-0.0006375939999999983,0.030325964
201907,10375,-0.037058726,0.026593842
201907,11404,0.16418573429999997,0.023999875
201907,13379,-0.09292442199999999,-0.015739882
201907,19502,0.0917657539,-0.01214514
201907,19561,0.20145279169999997,-0.003974537
201907,21742,-0.080127209,-0.009849236
201907,84519,0.05424440650000001,-0.016912932
201907,90870,-0.030200010000000006,-0.0101388665
201907,92221,-0.05460010800000001,-0.0016755335
201908,11404,-0.030819479000000004,0.0071607037
201908,13379,0.0020045667999999996,0.01457332
201908,19502,-0.058697842,0.02035614
201908,19561,-0.044341363,0.023558559
201908,21742,0.0174385457,0.031561293
201908,84519,0.0514059941,0.010304759
201908,90870,0.0772349685,0.018535685
201908,92221,0.0704594702,0.021744354
201909,11404,0.0293260552,0.018255144
201909,13379,-0.006075908,0.016466632
201909,19502,-0.11863791900000001,0.019733848
201909,19561,0.0175195616,0.025699934
201909,21742,0.0346466564,0.032289192
201909,84519,-0.078754403,0.03133009
201909,90870,0.018254159,0.024636565
201909,92221,0.0143573144,0.020333061
201910,11404,0.015649719,0.015712056
201910,13379,0.0101176145,0.006318553
201910,18062,-0.022850744,0.0005618079
201910,19502,0.0488787256,0.0068565886
201910,19561,-0.07766813,0.007054889
201910,21742,0.0475529544,0.009651351
201910,84519,0.0760355666,0.024638565
201910,90870,0.0219722278,0.033056233
201910,92221,-0.017371831000000004,0.034437574
201911,11404,-0.10117280499999999,0.030184595
201911,13379,0.0572541878,0.018205386
201911,18062,0.109412387,0.009302964
201911,19502,0.2778346108,0.0033210507
201911,19561,-0.065504333,-0.02108809
201911,21742,0.1896252632,-0.016410924
201911,84519,-0.011504035000000001,0.0016338999
201911,90870,0.0135182617,-0.0020809467
201911,92221,-0.018252015000000003,0.0065719234
201912,11404,0.0185402986,0.019350812
201912,13379,0.1784174144,0.0294359
201912,18062,-0.014808493,0.031387836
201912,19502,-0.083448544,0.02418198
201912,19561,0.1024033725,0.025912639
201912,21742,-0.15491810399999997,0.02324514
201912,84519,0.0215500517,0.022629157
201912,90870,0.0621545332,0.014241134
201912,92221,-0.079460092,0.011532086
202001,11404,-0.101317964,0.007907121
202001,13379,0.0671403259,0.012733851
202001,18062,-0.135144904,0.005656861
202001,19502,0.146555081,0.00024140217
202001,19561,0.007003455,0.0054110875
202001,21742,0.19044432039999998,-0.0017569059
202001,84519,-0.100698777,-0.0034460728
202001,90870,-0.11812552100000001,-0.015475039
202001,92221,-0.197573274,-0.0063265837
202002,11404,0.1345252412,0.01611638
202002,13379,0.0310442671,0.023594597
202002,18062,-0.125912443,0.032812625
202002,19502,-0.012626116999999997,0.034640696
202003,84519,0.0132442247,0.010315574
202003,90870,0.0012724085000000007,0.012118351
202003,92221,0.1037825214,0.014512082
202004,11404,-0.020590097,0.017621025
202004,13379,0.0785225606,0.017422335
202004,18062,-0.042510172,0.020235274
202004,19502,0.043048563,0.019322097
202004,19561,-0.009354405,0.0203679
202004,21742,-0.12447004499999999,0.019262454
202004,84519,0.0233529488,0.01932067
202004,90870,0.120678921,0.02378014
202004,92221,-0.031145810999999995,0.024814475
202005,11404,0.070860669,0.01630888
202005,13379,-0.046965782,0.018004557
202005,18062,0.25824041829999994,0.012066983
202005,19502,-0.17902472399999997,0.004539751
202005,19561,-0.15978204700000004,-0.009558055
202005,21742,-0.138080482,-0.016428716
202005,84519,0.17385525870000001,-0.0128609175
202005,90870,-0.135477183,-0.014988408
202005,92221,-0.16662288999999997,-0.021001138
202006,11404,0.102886224,-0.02402417
202006,13379,-0.068235102,-0.020219656
202006,18062,0.1049646251,-0.025081526
202006,19502,-0.08245237200000001,0.018700534
202006,19561,0.09101378169999999,0.02048839
202006,21742,-0.08176137300000001,0.026197545
202006,84519,-0.029996539000000003,0.02238261
202006,90870,-0.063911172,0.028495694
202006,92221,-0.172330027,0.033758618
202007,11404,0.0312937894,0.03425531
202007,13379,-0.255108309,0.035675
202007,18062,-0.18167529799999999,0.027475255
202007,19502,0.0605525168,0.019248178
202007,19561,-0.027160782,0.014218807
202007,21742,-0.053805019999999995,0.0048292493
202007,84519,-0.046012301,0.0062547517
202007,90870,-0.064157926,0.007742908
202007,92221,-0.028739610999999998,0.01254741
202008,11404,-0.05303721,0.020483287
202008,13379,0.0446882112,0.02192731
202008,18062,-0.13589546599999996,0.02363331
202008,19502,0.0445825146,0.022767859
202008,19561,-0.104878237,0.023120515
202008,21742,-0.106292514,0.021979345
202008,84519,0.160120392,0.021799264
202008,90870,0.14723699230000004,0.025174167
202008,92221,-0.10305902000000002,0.023152638
202009,11404,-0.005364602000000001,0.009077604
202009,13379,0.0254693907,0.008156264
202009,18062,-0.067500396,0.009421194
202009,18214,-0.22286763599999998,0.01396714
202009,19502,-0.11747282199999999,0.015428861
202009,19561,0.0398871218,0.023867203
202009,21742,0.16442817310000002,0.027961222
202009,84519,0.0040004612,0.026759284
202009,90870,-0.24633057199999997,0.023055352
202009,92221,0.17469036,0.02080947
202010,11404,0.2523102506,0.021754498
202010,13379,0.0616038479,0.014290631
202010,18062,-0.046567056,0.011893243
202010,18162,0.0014376459000000012,0.01563089
202010,18214,0.0535473654,0.021859763
202010,19502,0.0174607055,0.025315152
202010,19561,0.040633881,0.026520228
202010,21742,-0.117809114,0.02694636
202010,84519,0.0967781083,0.024356661
202010,90870,0.05297298589999999,0.02532607
202010,92221,-0.05452665499999999,0.022049185
202011,11404,0.1486480625,0.015898531
202011,13379,0.041404058,0.014983324
202011,18062,-0.080124941,0.011425125
202011,18214,-0.13849556399999996,0.0065354705
202011,19502,0.0318202488,0.0017890721
202011,19561,-0.113955556,0.00955207
202011,21742,-0.090154475,0.011830899
202011,84519,-0.079147177,0.017672954
202011,90870,-0.101347719,0.023271762
202011,92221,0.1283027963,0.027806416
202012,11404,-0.018566604,0.02849073
202012,13379,-0.20509276999999998,0.021853874
202012,18062,0.18246381900000003,0.016462233
202012,18214,-0.06427792,0.022540953
202012,19502,0.1305968128,0.024730872
202012,19561,-0.106451452,0.019485373
202012,21742,0.0741397738,0.022590028
202012,84519,5.475249999999966e-05,0.027868157
202012,90870,-0.131779386,0.02779822
202012,92221,0.1068576625,0.027143613
202101,11404,-0.00832575,0.031552397
202101,13379,0.2752205567,0.02922855
202101,18062,0.0179304784,0.028326996
202101,18162,-0.13847136299999996,0.01995737
202101,18214,0.2177086713,0.017547216
202101,19502,-0.068217705,0.025910117
202101,19561,-0.11985481900000002,0.021636454
202101,21742,-0.16044197999999998,0.041513007
202101,84519,-0.0047789289999999995,0.037456505
202101,90870,0.0556670556,0.04260291
202101,92221,-0.18156583400000004,0.04969277
202102,11404,-0.193135063,0.053005096
202102,13379,-0.19020910999999996,0.054400016
202102,18062,0.2768705325,0.070334405
202102,18162,0.0492852652,0.06514035
202102,18214,-0.034143684,0.05995777
202102,19502,0.086902404,0.04697241
202102,19561,0.0296691439,0.036751494
202102,21742,-0.094327245,0.021839945
202103,18062,-0.0034999999999999996,0.00065025425
202103,18214,-0.05743419599999999,-0.0025683052
202103,19502,0.06713307039999998,0.0002692176
202103,19561,0.0257673055,0.0040211687
202103,21742,-0.047877426,0.0030138094
202103,84519,-0.035082544,0.00427013
202103,90870,0.0448362732,0.0073710172
202103,92221,-0.058158037999999995,0.00714066
202104,11404,-0.042856658,0.0040557394
202104,13379,0.0217235027,0.0015069481
202104,18062,0.0312532596,-0.0005756885
202104,18214,0.0052438976,-0.008268768
202104,19502,0.1089404743,0.0016973803
202104,19561,0.0668725649,-0.011672974
202104,21742,-0.068185395,-0.022593023
202104,84519,-0.104042344,-0.02669092
202104,90870,0.1477219327,-0.024743369
202104,92221,0.0644862062,-0.02407396
202105,11404,0.0166142004,-0.03396958
202105,13379,0.11485751889999998,-0.048400037
202105,18062,0.20178606930000004,-0.051444627
202105,18214,0.0015222471000000005,-0.06019411
202105,19502,0.0253634508,-0.051240087
202105,19561,0.0010452081000000002,-0.05592591
202105,21742,0.1200678568,0.018674292
202105,84519,-0.16800301,0.01151348
202105,90870,-0.184070839,0.0025051136
202105,92221,0.0039468777,-0.0062263235
202106,11404,-0.142987608,-0.0046656467
202106,13379,0.23035594140000004,-0.011309011
202106,14179,0.1953011172,-0.017504625
202106,18062,0.0062705155,-0.026459144
202106,18214,-0.08298853199999999,-0.035960723
202106,19502,-0.220892111,-0.03932685
202106,19561,0.3327168077,-0.041603696
202106,21742,0.2605556828,-0.045071546
202106,84519,-0.016883297,-0.0029956743
202106,90870,-0.026460276999999997,-0.0029630398
202106,92221,-0.030337883999999996,-0.0046587717
202107,11404,0.0158753075,-0.008672774
202107,13379,-0.128422669,-0.014894212
202107,14179,-0.065903227,-0.019709095
202107,18062,0.047448037,-0.024916848
202107,18214,-0.143972798,-0.028489722
202107,19502,-0.125595922,-0.031656202
202107,19561,-0.05685826599999999,-0.03394543
202107,21742,-0.035709269,-0.033302378
202107,84519,0.3051282746,-0.033579938
202107,90870,0.11466889790000001,-0.009979375
202107,92221,-0.05715585299999999,-0.020675851
202108,11404,0.050381591,-0.03604807
202108,13379,-0.030096969,-0.042117298
202108,14179,-0.008822951,-0.04411585
202108,18062,0.0225435427,-0.045105234
202108,18214,0.1266327964,-0.053867493
202108,19502,-0.06654734,-0.063355856
202108,19561,-0.148700328,-0.059825215
202108,21742,-0.030054683,-0.04778412
202108,84519,0.2354565263,-0.042567242
202108,90870,0.1210291816,-0.05410685
202108,92221,0.0497204024,-0.0091814585
202109,11404,-0.12191979799999998,0.0033608393
202109,13379,0.0373233458,0.0050015477
202109,14179,0.0553561408,0.012117324
202109,18062,-0.017453743,0.010646005
202109,18214,0.0767888806,0.0035590555
202109,19502,0.0332644673,0.006460271
202109,19561,-0.037152576,0.0011024766
202109,21742,0.1066201163,-0.0039658695
202109,84519,-0.0016799110000000027,-0.0032352728
202109,90870,0.0084350928,-0.012778902
202109,92221,-0.006696526999999999,-0.011809563
202110,11404,0.0169001758,0.021753905
202110,13379,-0.076448815,0.019149879
202110,14179,0.0855745985,0.01390705
202110,18062,-0.126881563,0.0150861265
202110,18214,0.0116041866,0.001538371
202110,19502,-0.09492854000000002,-0.012666784
202110,19561,-0.011325157,-0.027608791
202110,21742,0.1798601614,-0.047564846
202110,84519,-0.058721793999999994,-0.04894056
202110,90870,-0.11176724200000002,-0.058694858
202110,92221,0.0820928365,-0.057728413
202111,11404,-0.022620613999999997,-0.050368365
202111,13379,0.1618689742,0.033376724
202111,14179,-0.061439937,0.042196587
202111,18062,0.009106141,0.013060298
202111,18214,-0.028077842999999998,0.002161381
202111,19502,-0.130114256,-0.0010216997
202111,19561,0.0927270583,-0.010997841
202111,21742,0.0349537263,-0.0028938798
202111,84519,0.0153628195,-0.016063094
202111,90870,0.0112721856,-0.020145562
202111,92221,-0.065734504,-0.017630883
202112,11404,0.1679980755,-0.015594676
202112,13379,0.1010388119,-0.008356856
202112,14179,0.3929004815,0.049390126
202112,18062,0.029019722500000004,0.05591929
202112,18214,0.0767770944,0.016820729
202112,19502,-0.034280137,-0.0066248327
202112,19561,-0.033729386,-0.01754731
202112,21742,-0.047906394,-0.024475595
202112,84519,0.0406207794,-0.024920387
202112,90870,0.1039850654,-0.0424992
202112,92221,-0.080431612,-0.055085834
202201,11404,-0.026105824,-0.06161714
202201,13379,0.301643148,-0.05817244
202201,14179,-0.034488911,-0.045379333
202201,18062,0.12436848200000002,0.10263759
202201,18214,0.1570284085,0.14033452
202201,19502,0.029892524500000003,0.114850014
202201,19561,-0.08706114600000002,0.091929786
202201,21742,0.1552685401,0.08005089
202201,84519,-0.20175059100000003,0.065633565
202201,90870,-0.044503083,0.035154354
