date,permno,predicted
201201,10104,0.016184475
201202,10104,0.015369312
201203,10104,0.014280003
201204,10104,0.015883135
201205,10104,0.013278583
201206,10104,0.010589443
201207,10104,0.017181441
201208,10104,0.039847933
201209,10104,0.011487413
201210,10104,0.01213636
201211,10104,0.010633407
201212,10104,0.012205455
201201,10107,0.01901076
201202,10107,0.022562671
201203,10107,0.016922712
201204,10107,0.01233593
201205,10107,0.013609635
201206,10107,0.011755331
201207,10107,0.015501678
201208,10107,0.017201645
201209,10107,0.011577886
201210,10107,0.015196418
201211,10107,0.01549715
201212,10107,0.013555248
201201,10138,0.02333124
201202,10138,0.010589443
201203,10138,0.010589443
201204,10138,0.010589443
201205,10138,0.010589443
201206,10138,0.010589443
201207,10138,0.010589443
201208,10138,0.027189013
201209,10138,0.027091306
201210,10138,0.013791453
201211,10138,0.012559888
201212,10138,0.016870975
201201,10145,0.016185071
201202,10145,0.011162945
201203,10145,0.012901198
201204,10145,0.011005907
201205,10145,0.010589443
201206,10145,0.010589443
201207,10145,0.024302248
201208,10145,0.03261438
201209,10145,0.010589443
201210,10145,0.015971748
201211,10145,0.014267165
201212,10145,0.014008665
201201,10147,0.021213092
201202,10147,0.01813582
201203,10147,0.015496101
201204,10147,0.011789532
201205,10147,0.012551538
201206,10147,0.012912377
201207,10147,0.020845726
201208,10147,0.03973936
201209,10147,0.01683044
201210,10147,0.018422544
201211,10147,0.015782248
201212,10147,0.012520671
201201,10516,0.015845725
201202,10516,0.012487174
201203,10516,0.01663049
201204,10516,0.015301365
201205,10516,0.010589443
201206,10516,0.011258655
201207,10516,0.01577425
201208,10516,0.016005293
201209,10516,0.01730526
201210,10516,0.017719805
201211,10516,0.015328651
201212,10516,0.017633472
201207,10909,0.016881471
201201,11081,0.016482206
201202,11081,0.016532235
201203,11081,0.017249636
201204,11081,0.010589443
201205,11081,0.010589443
201206,11081,0.010589443
201207,11081,0.019279081
201208,11081,0.027672287
201209,11081,0.032514833
201210,11081,0.03547626
201211,11081,0.030912217
201212,11081,0.052123107
201201,11308,0.018552309
201202,11308,0.01866071
201203,11308,0.016209988
201204,11308,0.011992163
201205,11308,0.010834217
201206,11308,0.011743766
201207,11308,0.014675655
201208,11308,0.013244222
201209,11308,0.012325686
201210,11308,0.018307954
201211,11308,0.014736369
201212,11308,0.014490169
201201,11404,0.020001175
201202,11404,0.017535161
201203,11404,0.0164271
201204,11404,0.015540091
201205,11404,0.011751042
201206,11404,0.012577978
201207,11404,0.014667673
201208,11404,0.012961512
201209,11404,0.011406215
201210,11404,0.015068781
201211,11404,0.015868995
201212,11404,0.016100157
201201,11552,0.016040258
201202,11552,0.018153662
201203,11552,0.015545597
201204,11552,0.011488393
201205,11552,0.010880075
201206,11552,0.010589443
201207,11552,0.016166672
201208,11552,0.021013252
201209,11552,0.018361699
201210,11552,0.020008862
201211,11552,0.016125342
201212,11552,0.01320838
201203,11618,0.01671809
201204,11618,0.010589443
201201,11703,0.021615509
201202,11703,0.021112975
201203,11703,0.017154554
201204,11703,0.010589443
201205,11703,0.010589443
201206,11703,0.010589443
201207,11703,0.01229651
201208,11703,0.014888505
201209,11703,0.013074924
201210,11703,0.012932581
201211,11703,0.017885312
201212,11703,0.02212571
201201,11762,0.013535572
201202,11762,0.012833344
201203,11762,0.010589443
201204,11762,0.010589443
201205,11762,0.010589443
201206,11762,0.010589443
201208,11762,0.013854829
201209,11762,0.026956396
201210,11762,0.013073962
201211,11762,0.016334942
201201,11850,0.01950096
201202,11850,0.012710875
201203,11850,0.01326572
201204,11850,0.016633473
201205,11850,0.010589443
201206,11850,0.010589443
201207,11850,0.012498281
201208,11850,0.013074544
201209,11850,0.011892118
201210,11850,0.014118577
201211,11850,0.01223823
201212,11850,0.01351066
201201,11955,0.025288027
201202,11955,0.021370925
201203,11955,0.01624054
201204,11955,0.011520604
201205,11955,0.010589443
201206,11955,0.010589443
201207,11955,0.010647186
201208,11955,0.014646302
201209,11955,0.011673451
201210,11955,0.010984012
201211,11955,0.01703508
201212,11955,0.015752908
201201,12052,0.018752873
201202,12052,0.014349477
201203,12052,0.014209329
201204,12052,0.012403468
201205,12052,0.015330554
201206,12052,0.01161087
201207,12052,0.013160566
201208,12052,0.017703846
201209,12052,0.014419049
201210,12052,0.011995859
201211,12052,0.017143687
201212,12052,0.019638272
201201,12060,0.008782826
201202,12060,0.011961131
201203,12060,0.013224387
201204,12060,0.010589443
201205,12060,0.010589443
201206,12060,0.010589443
201207,12060,0.010589443
201208,12060,0.01762112
201209,12060,0.030456724
201210,12060,0.028296564
201211,12060,0.010934017
201212,12060,0.01666466
201201,12140,0.010589443
201202,12140,0.010589443
201203,12140,0.010742112
201204,12140,0.010589443
201205,12140,0.010659504
201206,12140,0.010589443
201201,12490,0.019001387
201202,12490,0.017226057
201203,12490,0.016826943
201204,12490,0.01293873
201205,12490,0.012732118
201206,12490,0.010940065
201207,12490,0.014093963
201208,12490,0.017296383
201209,12490,0.013946673
201210,12490,0.015503438
201211,12490,0.01670812
201212,12490,0.014375978
201201,13688,0.023381881
201202,13688,0.021542575
201203,13688,0.017062131
201204,13688,0.017460603
201205,13688,0.013987001
201206,13688,0.010589443
201207,13688,0.013901904
201208,13688,0.012975181
201209,13688,0.01189116
201210,13688,0.013775686
201211,13688,0.015739843
201212,13688,0.016072633
201201,13856,0.019399192
201202,13856,0.019634247
201203,13856,0.016874425
201204,13856,0.012697497
201205,13856,0.012699575
201206,13856,0.011483151
201207,13856,0.013466898
201208,13856,0.01324857
201209,13856,0.011542247
201210,13856,0.013708198
201211,13856,0.013092845
201212,13856,0.01352636
201201,13901,0.01844666
201202,13901,0.019899312
201203,13901,0.018560912
201204,13901,0.012754979
201205,13901,0.010882056
201206,13901,0.011828047
201207,13901,0.015189152
201208,13901,0.012666564
201209,13901,0.013397411
201210,13901,0.019135717
201211,13901,0.016204137
201212,13901,0.017575316
201201,13928,0.022491772
201202,13928,0.01922764
201203,13928,0.017685514
201204,13928,0.015042931
201205,13928,0.010615125
201206,13928,0.015068067
201207,13928,0.021780219
201208,13928,0.018280443
201209,13928,0.016048308
201210,13928,0.02161244
201211,13928,0.017024722
201212,13928,0.016352292
201201,14008,0.020499378
201202,14008,0.021138351
201203,14008,0.018146437
201204,14008,0.014249791
201205,14008,0.012981556
201206,14008,0.010589443
201207,14008,0.012353383
201208,14008,0.015269946
201209,14008,0.010589443
201210,14008,0.013637213
201211,14008,0.01412631
201212,14008,0.011305452
201201,14541,0.02129491
201202,14541,0.019655257
201203,14541,0.017056301
201204,14541,0.011040553
201205,14541,0.011826898
201206,14541,0.014065608
201207,14541,0.01797602
201208,14541,0.011806216
201209,14541,0.010589443
201210,14541,0.012438391
201211,14541,0.011433796
201212,14541,0.01618012
201201,14593,0.018562816
201202,14593,0.018699676
201203,14593,0.017544106
201204,14593,0.013621517
201205,14593,0.018091997
201206,14593,0.01807497
201207,14593,0.015166832
201208,14593,0.01704225
201209,14593,0.01492767
201210,14593,0.014188726
201211,14593,0.016684035
201212,14593,0.020907346
201201,14702,0.016819034
201202,14702,0.014753373
201203,14702,0.012201266
201204,14702,0.011693709
201205,14702,0.01890605
201207,14702,0.01801315
201201,15069,0.038961217
201202,15069,0.017873574
201203,15069,0.010589443
201204,15069,0.010589443
201205,15069,0.015293269
201206,15069,0.011017073
201207,15069,0.015532292
201208,15069,0.02302451
201209,15069,0.042913824
201210,15069,0.022154376
201211,15069,0.013435029
201212,15069,0.016786326
201201,15579,0.020375822
201202,15579,0.01998472
201203,15579,0.018790536
201204,15579,0.01572328
201205,15579,0.015102905
201206,15579,0.010589443
201207,15579,0.014920322
201208,15579,0.028466534
201209,15579,0.022261688
201210,15579,0.017227417
201211,15579,0.018571325
201212,15579,0.019012157
201201,15720,0.02069365
201206,15720,0.017940445
201207,15720,0.018573107
201208,15720,0.016759112
201210,15720,0.014031801
201211,15720,0.012578297
201201,16678,0.021095663
201201,17005,0.02128429
201202,17005,0.019761486
201203,17005,0.01782795
201204,17005,0.012883678
201205,17005,0.015322637
201206,17005,0.01466593
201207,17005,0.01553721
201208,17005,0.013520067
201209,17005,0.013729154
201210,17005,0.019319396
201211,17005,0.015050877
201212,17005,0.013751107
201201,17144,0.014716106
201202,17144,0.011300048
201203,17144,0.016036492
201204,17144,0.016566865
201205,17144,0.010589443
201206,17144,0.010589443
201207,17144,0.01379173
201208,17144,0.015657678
201209,17144,0.014961449
201210,17144,0.013173875
201211,17144,0.014014557
201212,17144,0.01332383
201201,17279,0.014315818
201202,17279,0.014118445
201203,17279,0.0166278
201204,17279,0.018804776
201205,17279,0.014705709
201206,17279,0.01499791
201207,17279,0.025344634
201208,17279,0.022056611
201209,17279,0.010589443
201210,17279,0.016988546
201211,17279,0.01062438
201212,17279,-0.000671944
201210,17478,0.016134106
201211,17478,0.014296085
201201,17750,0.017696593
201202,17750,0.016729826
201203,17750,0.015793886
201204,17750,0.012005936
201205,17750,0.015463878
201206,17750,0.013289042
201207,17750,0.014255135
201208,17750,0.016702956
201209,17750,0.012369211
201210,17750,0.013818463
201211,17750,0.014915754
201212,17750,0.014953312
201201,17778,0.012617121
201202,17778,0.011649185
201203,17778,0.011995348
201204,17778,0.010589443
201205,17778,0.010589443
201206,17778,0.010589443
201207,17778,0.010589443
201208,17778,0.010589443
201209,17778,0.010589443
201210,17778,0.010589443
201211,17778,0.010589443
201212,17778,0.010589443
201201,17830,0.02173797
201202,17830,0.019601494
201203,17830,0.019225888
201204,17830,0.013319265
201205,17830,0.012593692
201206,17830,0.013223218
201207,17830,0.019115746
201208,17830,0.020902338
201209,17830,0.012545356
201210,17830,0.01752552
201211,17830,0.015875325
201212,17830,0.015750514
201201,18163,0.01756383
201202,18163,0.017006423
201203,18163,0.018215248
201204,18163,0.012760266
201205,18163,0.014504584
201206,18163,0.014539159
201207,18163,0.01692306
201208,18163,0.01943018
201209,18163,0.014383736
201210,18163,0.015657637
201211,18163,0.016207399
201212,18163,0.015401705
201201,18411,0.018027749
201202,18411,0.020265017
201203,18411,0.01966675
201204,18411,0.015082935
201205,18411,0.012633377
201206,18411,0.012458805
201207,18411,0.014123003
201208,18411,0.013925426
201209,18411,0.013576392
201210,18411,0.01625201
201211,18411,0.015176991
201212,18411,0.017277414
201201,18542,0.013497767
201202,18542,0.008138835
201203,18542,0.012120934
201204,18542,0.010589443
201205,18542,0.010589443
201206,18542,0.014142778
201207,18542,0.023019211
201208,18542,0.030889321
201209,18542,0.013446489
201210,18542,0.028883856
201211,18542,0.01771187
201212,18542,0.019842044
201201,18729,0.016818048
201202,18729,0.018142186
201203,18729,0.017096218
201204,18729,0.011412847
201205,18729,0.015042594
201206,18729,0.013593033
201207,18729,0.014008688
201208,18729,0.014855097
201209,18729,0.010589443
201210,18729,0.014288852
201211,18729,0.013045788
201212,18729,0.013707301
201201,19350,0.013586943
201202,19350,0.010589443
201203,19350,0.010589443
201204,19350,0.010589443
201205,19350,0.010589443
201206,19350,0.010589443
201207,19350,0.021899907
201208,19350,0.031219214
201209,19350,0.010589443
201210,19350,0.017621828
201211,19350,0.014834708
201212,19350,0.012796606
201201,19393,0.020055687
201202,19393,0.021280652
201203,19393,0.015191598
201204,19393,0.013178379
201205,19393,0.011865839
201206,19393,0.010903813
201207,19393,0.0143575
201208,19393,0.01323484
201209,19393,0.012566939
201210,19393,0.017778935
201211,19393,0.014700993
201212,19393,0.009320079
201201,19502,0.022409908
201202,19502,0.018330865
201203,19502,0.013595965
201204,19502,0.015975986
201205,19502,0.017866526
201206,19502,0.008496394
201207,19502,0.013574303
201208,19502,0.032158688
201209,19502,0.010589443
201210,19502,0.019476082
201211,19502,0.015288748
201212,19502,0.011832716
201201,19561,0.018831793
201202,19561,0.014468206
201203,19561,0.013423918
201204,19561,0.010589443
201205,19561,0.010589443
201206,19561,0.010589443
201207,19561,0.015321642
201208,19561,0.015324248
201209,19561,0.010589443
201210,19561,0.012426907
201211,19561,0.015291718
201212,19561,0.016224928
201201,20482,0.016451085
201202,20482,0.016007975
201203,20482,0.015148385
201204,20482,0.013910539
201205,20482,0.011598622
201206,20482,0.01139819
201207,20482,0.014922684
201208,20482,0.01448944
201209,20482,0.010589443
201210,20482,0.014302718
201211,20482,0.017482862
201212,20482,0.017358601
201201,20626,0.026417017
201202,20626,0.008256396
201203,20626,0.010589443
201204,20626,0.010589443
201205,20626,0.010589443
201206,20626,0.013604826
201207,20626,0.010589443
201208,20626,0.016943553
201209,20626,0.032214887
201210,20626,0.023281308
201211,20626,0.023941249
201212,20626,0.029019924
201201,21178,0.018111948
201202,21178,0.013973636
201203,21178,0.018152189
201204,21178,0.011594953
201205,21178,0.011236357
201206,21178,0.011383235
201207,21178,0.01698982
201208,21178,0.016406942
201209,21178,0.011064271
201210,21178,0.013987211
201211,21178,0.015865026
201212,21178,0.014530198
201201,21207,0.01730381
201202,21207,0.016711466
201203,21207,0.02070984
201204,21207,0.018835101
201205,21207,0.017934592
201206,21207,0.02165682
201207,21207,0.025011413
201208,21207,0.021099145
201209,21207,0.020719087
201210,21207,0.019013422
201211,21207,0.015349661
201212,21207,0.012568473
201201,21371,0.020249065
201202,21371,0.015264841
201206,21371,0.017082267
201207,21371,0.018288877
201208,21371,0.015211159
201203,21573,0.010589443
201204,21573,0.010183054
201208,21573,0.010589443
201209,21573,0.010589443
201210,21573,0.010589443
201211,21573,0.010589443
201212,21573,0.018109335
201201,21776,0.02070836
201202,21776,0.022021528
201203,21776,0.019973343
201204,21776,0.014326799
201205,21776,0.016812703
201206,21776,0.015064072
201207,21776,0.02133528
201208,21776,0.019801158
201209,21776,0.014838187
201210,21776,0.022716299
201211,21776,0.017413137
201212,21776,0.016178664
201201,21936,0.016863056
201202,21936,0.015144261
201203,21936,0.01936123
201204,21936,0.016109278
201205,21936,0.010589443
201206,21936,0.010589443
201207,21936,0.010776734
201208,21936,0.010997973
201209,21936,0.011452854
201210,21936,0.014823478
201211,21936,0.012679272
201212,21936,0.014926009
201201,22103,0.019950837
201202,22103,0.020962603
201203,22103,0.01716115
201204,22103,0.010589443
201205,22103,0.010589443
201206,22103,0.010589443
201207,22103,0.012874605
201208,22103,0.020418884
201209,22103,0.018934077
201210,22103,0.011072834
201211,22103,0.014100765
201212,22103,0.018516954
201201,22111,0.018599441
201202,22111,0.01723286
201203,22111,0.015096244
201204,22111,0.013539088
201205,22111,0.011429423
201206,22111,0.010589443
201207,22111,0.014353431
201208,22111,0.015981598
201209,22111,0.011658058
201210,22111,0.010589443
201211,22111,0.017259812
201212,22111,0.015966643
201201,22293,0.03980907
201202,22293,0.024451163
201203,22293,0.010589443
201204,22293,0.010589443
201205,22293,0.018542632
201206,22293,0.010589443
201207,22293,0.010589443
201208,22293,0.027997652
201209,22293,0.053246725
201210,22293,0.0320076
201211,22293,0.019026536
201212,22293,0.018266242
201205,22509,0.01972885
201206,22509,0.017181687
201207,22509,0.018919958
201208,22509,0.013282833
201209,22509,0.010589443
201210,22509,0.012568105
201211,22509,0.022039972
201212,22509,0.019255612
201201,22517,0.021829728
201202,22517,0.020624569
201203,22517,0.01358572
201204,22517,0.015645385
201205,22517,0.013986508
201206,22517,0.015877152
201207,22517,0.015939921
201208,22517,0.013552591
201209,22517,0.013522477
201210,22517,0.017063117
201211,22517,0.014887335
201212,22517,0.013574718
201201,22592,0.02155013
201202,22592,0.014953844
201203,22592,0.014024403
201204,22592,0.010818993
201205,22592,0.012047422
201206,22592,0.010589443
201207,22592,0.011532924
201208,22592,0.010589443
201209,22592,0.010589443
201210,22592,0.01080844
201211,22592,0.011154662
201212,22592,0.014825148
201201,22752,0.0197368
201202,22752,0.017236639
201203,22752,0.014697589
201204,22752,0.015148396
201205,22752,0.011516787
201206,22752,0.012841988
201207,22752,0.013734514
201208,22752,0.016362153
201209,22752,0.012527264
201210,22752,0.014972653
201211,22752,0.015425555
201212,22752,0.013873791
201201,22779,0.011829145
201202,22779,0.015969409
201203,22779,0.019744815
201207,22779,0.014240392
201212,22779,0.010589443
201201,23026,0.022950597
201202,23026,0.020966694
201203,23026,0.015169592
201204,23026,0.013445447
201205,23026,0.013700323
201206,23026,0.012376443
201207,23026,0.011886283
201208,23026,0.015505595
201209,23026,0.01700677
201210,23026,0.013450442
201211,23026,0.014928834
201212,23026,0.023425816
201201,23077,0.017967388
201202,23077,0.01655704
201203,23077,0.018503958
201204,23077,0.015417642
201205,23077,0.013645862
201206,23077,0.012345816
201207,23077,0.013400244
201208,23077,0.013563126
201209,23077,0.015140519
201210,23077,0.015381457
201211,23077,0.014416828
201212,23077,0.017938381
201201,23114,0.018718725
201202,23114,0.014551645
201203,23114,0.017002702
201204,23114,0.015807265
201205,23114,0.013142463
201206,23114,0.012934596
201201,23712,0.019191
201202,23712,0.020347815
201203,23712,0.019747686
201204,23712,0.017276704
201205,23712,0.014477829
201206,23712,0.01367846
201207,23712,0.017152192
201208,23712,0.015758162
201209,23712,0.012164379
201210,23712,0.01837505
201211,23712,0.015699986
201212,23712,0.015497532
201201,23819,0.010589443
201202,23819,0.018561676
201203,23819,0.010589443
201204,23819,0.010589443
201205,23819,0.010589443
201206,23819,0.016031384
201207,23819,0.017144043
201208,23819,0.022556383
201209,23819,0.03153493
201210,23819,0.03405266
201211,23819,0.012078341
201212,23819,0.01980984
201201,23931,0.020628024
201207,23931,0.018348875
201208,23931,0.015220537
201201,24109,0.018401051
201202,24109,0.019788645
201203,24109,0.020111173
201204,24109,0.013334787
201205,24109,0.014438482
201206,24109,0.013194828
201207,24109,0.01552646
201208,24109,0.01703687
201209,24109,0.015524479
201210,24109,0.012916852
201211,24109,0.014301445
201212,24109,0.016561192
201201,24205,0.018849192
201202,24205,0.01902932
201203,24205,0.017327247
201204,24205,0.014184702
201205,24205,0.010589443
201206,24205,0.012011859
201207,24205,0.014198379
201208,24205,0.014622944
201209,24205,0.012118004
201210,24205,0.015290365
201211,24205,0.015657863
201212,24205,0.01627495
201201,24766,0.018058706
201202,24766,0.017758837
201204,24766,0.0197099
201205,24766,0.015558121
201206,24766,0.011432166
201207,24766,0.010946721
201208,24766,0.013645889
201209,24766,0.011213026
201210,24766,0.010589443
201211,24766,0.015881196
201212,24766,0.01584572
201201,24942,0.017732736
201202,24942,0.013989612
201203,24942,0.014401182
201204,24942,0.011641819
201205,24942,0.01195801
201206,24942,0.010589443
201207,24942,0.010843048
201208,24942,0.011442021
201209,24942,0.010589443
201210,24942,0.011232204
201211,24942,0.014052825
201212,24942,0.013237597
201201,25785,-0.007468119
201202,25785,0.010589443
201203,25785,0.010589443
201204,25785,0.014463889
201205,25785,0.010589443
201206,25785,0.010589443
201207,25785,0.010589443
201208,25785,0.020713516
201209,25785,0.041496128
201210,25785,0.029271012
201211,25785,0.01667863
201212,25785,0.019355478
201201,26403,0.016699161
201202,26403,0.013326721
201203,26403,0.013906236
201204,26403,0.010589443
201205,26403,0.010589443
201206,26403,0.011042699
201207,26403,0.010589443
201208,26403,0.010589443
201209,26403,0.011971828
201210,26403,0.010589443
201211,26403,0.010589443
201212,26403,0.017769102
201201,26710,0.020271618
201202,26710,0.018820152
201203,26710,0.017938193
201204,26710,0.012690467
201205,26710,0.011148351
201206,26710,0.011243406
201207,26710,0.010887613
201208,26710,0.013459996
201209,26710,0.021725629
201210,26710,0.015037363
201211,26710,0.013086698
201212,26710,0.018513437
201201,26825,0.015536319
201202,26825,0.020986654
201203,26825,0.026597943
201204,26825,0.017496878
201205,26825,0.012949755
201206,26825,0.012138838
201207,26825,0.012282014
201208,26825,0.014478155
201209,26825,0.01740137
201210,26825,0.015162171
201211,26825,0.012059203
201212,26825,0.015428122
201201,27828,0.027557857
201202,27828,0.010589443
201203,27828,0.010589443
201204,27828,0.01252922
201205,27828,0.010590994
201206,27828,0.015913527
201207,27828,0.014209427
201208,27828,0.019833572
201209,27828,0.07862749
201210,27828,0.052769713
201211,27828,0.03694169
201212,27828,0.09381109
201201,27887,0.01709253
201202,27887,0.018414967
201203,27887,0.016543949
201204,27887,0.01319796
201205,27887,0.013278855
201206,27887,0.010589443
201207,27887,0.012724971
201208,27887,0.01580504
201209,27887,0.011092563
201210,27887,0.012236587
201211,27887,0.0132188
201212,27887,0.013793507
201201,27959,0.017515987
201202,27959,0.018499192
201203,27959,0.017127918
201204,27959,0.015384095
201205,27959,0.013668053
201206,27959,0.012012742
201207,27959,0.014625761
201208,27959,0.014441041
201209,27959,0.013548778
201210,27959,0.016617397
201211,27959,0.015163505
201212,27959,0.01741226
201201,28222,0.024578776
201202,28222,0.024480179
201203,28222,0.018919494
201204,28222,0.010589443
201205,28222,0.01386749
201206,28222,0.014889723
201207,28222,0.015191576
201208,28222,0.016317546
201209,28222,0.016763143
201210,28222,0.012734072
201211,28222,0.012978843
201212,28222,0.020865802
201201,28484,0.015067317
201202,28484,0.010589443
201203,28484,0.010589443
201204,28484,0.013269088
201205,28484,0.015219048
201206,28484,0.019719262
201207,28484,0.027231807
201208,28484,0.03320593
201209,28484,0.030314129
201210,28484,0.031005992
201211,28484,0.010589443
201212,28484,0.014139631
201201,34833,0.021069862
201202,34833,0.010589443
201203,34833,0.010589443
201204,34833,0.011476391
201205,34833,0.016763857
201206,34833,0.015728403
201207,34833,0.017508911
201208,34833,0.01694807
201209,34833,0.014750226
201210,34833,0.016922314
201211,34833,0.019331109
201212,34833,0.018950798
201209,36468,0.015443673
201210,36468,0.017357033
201211,36468,0.02042687
201212,36468,0.017244194
201201,37584,0.008991167
201202,37584,0.019554526
201203,37584,0.020323597
201204,37584,0.010589443
201205,37584,0.010589443
201206,37584,0.010589443
201207,37584,0.010589443
201208,37584,0.021955222
201209,37584,0.036413494
201210,37584,0.03170213
201211,37584,0.010589443
201212,37584,0.014367571
201201,38156,0.010589443
201202,38156,0.013617402
201203,38156,0.010589443
201204,38156,0.010589443
201205,38156,0.010589443
201206,38156,0.012178966
201207,38156,0.0122222
201208,38156,0.013918382
201209,38156,0.016486015
201210,38156,0.0157161
201211,38156,0.016193973
201212,38156,0.019421417
201201,38703,0.021984257
201202,38703,0.010589443
201203,38703,0.010589443
201204,38703,0.010589443
201205,38703,0.010589443
201206,38703,0.010589443
201207,38703,0.010589443
201208,38703,0.010589443
201209,38703,0.057364188
201210,38703,0.041360594
201211,38703,0.010589443
201212,38703,0.02157211
201209,39087,-0.010032956
201210,39087,0.008272623
201211,39087,0.037071638
201212,39087,0.030753652
201201,39490,0.010589443
201202,39490,0.018976998
201203,39490,0.014553684
201204,39490,0.010589443
201205,39490,0.010589443
201206,39490,0.012634705
201207,39490,0.017531682
201208,39490,0.021489946
201209,39490,0.017314691
201210,39490,0.011624665
201211,39490,0.01336256
201212,39490,0.019558793
201201,39642,0.019123757
201202,39642,0.020001713
201203,39642,0.019779973
201204,39642,0.015526941
201205,39642,0.011997665
201206,39642,0.010922133
201207,39642,0.012646966
201208,39642,0.010605793
201209,39642,0.010589443
201210,39642,0.01341221
201211,39642,0.011366498
201212,39642,0.012814728
201201,40539,0.013294973
201202,40539,0.014507859
201203,40539,0.019692011
201204,40539,0.014210825
201205,40539,0.010692735
201206,40539,0.013706927
201207,40539,0.015418418
201208,40539,0.01747144
201209,40539,0.016249165
201210,40539,0.014302082
201211,40539,0.015614396
201212,40539,0.01776215
201201,41080,0.023653444
201202,41080,0.014256
201203,41080,0.011154693
201204,41080,0.011442309
201205,41080,0.010589443
201206,41080,0.010589443
201207,41080,0.03090182
201208,41080,0.05150875
201209,41080,0.015731877
201210,41080,0.029463165
201211,41080,0.017338444
201212,41080,0.015919283
201201,42534,-2.14E-06
201202,42534,0.010589443
201203,42534,0.016214056
201204,42534,0.010912376
201205,42534,0.011329614
201206,42534,0.010589443
201207,42534,0.012673526
201208,42534,0.037363477
201209,42534,0.033258397
201210,42534,0.018940344
201211,42534,0.010991845
201212,42534,0.015439838
201201,43449,0.014407287
201202,43449,0.015473353
201203,43449,0.016577888
201204,43449,0.01354432
201205,43449,0.012634983
201206,43449,0.012119218
201207,43449,0.015265003
201208,43449,0.017439857
201209,43449,0.01404938
201210,43449,0.01572912
201211,43449,0.015506138
201212,43449,0.013391668
201201,43553,0.017142806
201202,43553,0.02227691
201203,43553,0.020693446
201204,43553,0.010589443
201205,43553,0.014429321
201206,43553,0.01417923
201207,43553,0.015050419
201208,43553,0.01908794
201209,43553,0.018260622
201210,43553,0.016589927
201211,43553,0.015411848
201212,43553,0.018854097
201201,44644,0.022948822
201202,44644,0.019095063
201203,44644,0.014047816
201204,44644,0.013935904
201205,44644,0.011580447
201206,44644,0.010589443
201207,44644,0.015184438
201208,44644,0.013940925
201209,44644,0.01107029
201210,44644,0.01286982
201211,44644,0.012279986
201212,44644,0.014997147
201201,45751,0.01733724
201202,45751,0.0174832
201203,45751,0.018018316
201204,45751,0.010589443
201205,45751,0.010589443
201206,45751,0.010589443
201207,45751,0.012849906
201208,45751,0.01866763
201209,45751,0.010589443
201210,45751,0.011965833
201211,45751,0.011374573
201212,45751,0.015259697
201201,47896,0.14745176
201202,47896,0.10960743
201203,47896,0.006423482
201204,47896,0.010589443
201205,47896,0.027097752
201206,47896,0.04164899
201207,47896,0.034108978
201208,47896,-0.019235404
201209,47896,0.076700844
201210,47896,0.083865024
201211,47896,0.03360163
201212,47896,0.019521868
201201,48653,0.016041309
201202,48653,0.015258901
201201,48725,0.015747167
201202,48725,0.013636395
201203,48725,0.014128856
201204,48725,0.014063807
201205,48725,0.01280806
201206,48725,0.013281864
201207,48725,0.016294045
201208,48725,0.011330617
201209,48725,0.010589443
201210,48725,0.018715043
201211,48725,0.01640509
201212,48725,0.014557833
201201,49154,0.014353093
201202,49154,0.015615812
201203,49154,0.020260386
201204,49154,0.010589443
201205,49154,0.010589443
201206,49154,0.0143482
201207,49154,0.013561942
201208,49154,0.011899186
201209,49154,0.017114477
201210,49154,0.014497855
201211,49154,0.013893716
201212,49154,0.016247565
201201,49656,0.036304988
201202,49656,0.024394691
201203,49656,0.016625406
201204,49656,0.017605623
201205,49656,0.025504658
201206,49656,0.032456387
201207,49656,0.031792156
201208,49656,0.018012848
201209,49656,0.0698801
201210,49656,0.07729059
201211,49656,0.054235328
201212,49656,0.042200662
201201,49680,0.020435594
201202,49680,0.013642531
201203,49680,0.013993362
201204,49680,0.011843734
201205,49680,0.014445482
201206,49680,0.011116181
201207,49680,0.011189389
201208,49680,0.013936047
201209,49680,0.011486294
201210,49680,0.013661809
201211,49680,0.014397303
201212,49680,0.017478358
201201,50876,0.021112684
201202,50876,0.018665833
201203,50876,0.016853329
201204,50876,0.015582522
201205,50876,0.013663789
201206,50876,0.011419933
201207,50876,0.012518219
201208,50876,0.01363935
201209,50876,0.014038036
201210,50876,0.016837187
201211,50876,0.01898495
201212,50876,0.016865723
201201,52038,0.020125765
201202,52038,0.016162455
201203,52038,0.013419374
201204,52038,0.014102727
201205,52038,0.01724496
201206,52038,0.013786634
201207,52038,0.01160605
201208,52038,0.01704945
201209,52038,0.019106913
201210,52038,0.009191199
201211,52038,0.016647492
201212,52038,0.021636043
201208,52695,0.024486251
201201,55976,0.01659979
201202,55976,0.016478643
201203,55976,0.017188728
201204,55976,0.013903389
201205,55976,0.014943188
201206,55976,0.01596248
201207,55976,0.017455645
201208,55976,0.01442139
201209,55976,0.011064016
201210,55976,0.016220173
201211,55976,0.015330192
201212,55976,0.01334186
201201,56573,0.018838745
201202,56573,0.013361113
201203,56573,0.013289154
201204,56573,0.012065815
201205,56573,0.011440646
201206,56573,0.010589443
201207,56573,0.012230056
201208,56573,0.0197635
201209,56573,0.011012317
201210,56573,0.012573279
201211,56573,0.013701473
201212,56573,0.015152348
201201,57665,0.017486708
201202,57665,0.015865263
201203,57665,0.015892696
201204,57665,0.010589443
201205,57665,0.010589443
201206,57665,0.01462773
201207,57665,0.01927545
201208,57665,0.018046975
201209,57665,0.017907588
201210,57665,0.019574452
201211,57665,0.015800491
201212,57665,0.018020432
201201,57904,0.027843066
201202,57904,0.010589443
201203,57904,0.010589443
201204,57904,0.010589443
201205,57904,0.010589443
201206,57904,0.01781388
201207,57904,0.017928187
201208,57904,0.01632839
201209,57904,0.02713949
201210,57904,0.016244963
201211,57904,0.012987526
201212,57904,0.020515013
201208,59010,0.010589443
201209,59010,0.010589443
201210,59010,0.011696039
201211,59010,0.010589443
201212,59010,0.010589443
201201,59176,0.017758092
201202,59176,0.020619595
201203,59176,0.01685987
201204,59176,0.010589443
201205,59176,0.010589443
201206,59176,0.011644613
201207,59176,0.017188516
201208,59176,0.017707102
201209,59176,0.014418744
201210,59176,0.014382246
201211,59176,0.015598578
201212,59176,0.017093536
201201,59192,0.021119231
201202,59192,0.02031025
201203,59192,0.01568751
201204,59192,0.012217327
201205,59192,0.012438826
201206,59192,0.012301411
201207,59192,0.014188501
201208,59192,0.012877808
201209,59192,0.010589443
201210,59192,0.013174217
201211,59192,0.014231969
201212,59192,0.014511506
201201,59328,0.017549016
201202,59328,0.015767038
201203,59328,0.016348036
201204,59328,0.014424746
201205,59328,0.01387006
201206,59328,0.011401372
201207,59328,0.013651514
201208,59328,0.016288046
201209,59328,0.016202452
201210,59328,0.017038856
201211,59328,0.022819847
201212,59328,0.022133376
201201,59408,0.28090724
201202,59408,0.27443364
201203,59408,0.07063557
201204,59408,0.035579935
201205,59408,0.057231415
201206,59408,0.08618117
201207,59408,0.010037971
201208,59408,-0.046097796
201209,59408,0.08808967
201210,59408,0.07063952
201211,59408,0.019939765
201212,59408,0.035139408
201201,59459,0.021116953
201202,59459,0.018265158
201203,59459,0.012388715
201204,59459,0.013037603
201205,59459,0.013082185
201206,59459,0.010589443
201207,59459,0.010589443
201208,59459,0.012763235
201209,59459,0.012900367
201210,59459,0.010589443
201211,59459,0.015477877
201212,59459,0.016604962
201201,60097,0.021946732
201202,60097,0.015431853
201203,60097,0.016969848
201204,60097,0.016684625
201205,60097,0.01320713
201206,60097,0.010589443
201207,60097,0.010589443
201208,60097,0.013743406
201209,60097,0.010589443
201210,60097,0.011183965
201211,60097,0.013600796
201212,60097,0.014705165
201201,60442,0.010589443
201202,60442,0.010589443
201203,60442,0.010589443
201204,60442,0.010589443
201205,60442,0.010589443
201206,60442,0.010589443
201207,60442,0.010589443
201208,60442,0.014223795
201209,60442,0.05315339
201210,60442,0.036149085
201211,60442,0.013755851
201212,60442,0.021834407
201202,60506,0.023820864
201203,60506,0.013042519
201204,60506,0.011788386
201205,60506,0.010589443
201207,60506,0.012047503
201211,60506,0.01619402
201212,60506,0.027561745
201201,60599,0.023051944
201202,60599,0.018188577
201203,60599,0.015611216
201204,60599,0.011866625
201205,60599,0.010589443
201206,60599,0.010589443
201207,60599,0.015188541
201208,60599,0.018471923
201209,60599,0.010589443
201210,60599,0.015650047
201211,60599,0.013951531
201212,60599,0.01480639
201201,60628,0.020088028
201202,60628,0.022776507
201203,60628,0.024388578
201204,60628,0.010589443
201205,60628,0.010589443
201206,60628,0.010589443
201207,60628,0.013854446
201208,60628,0.014084782
201209,60628,0.010589443
201210,60628,0.013525344
201211,60628,0.014085468
201212,60628,0.015750546
201201,61399,0.013597442
201202,61399,0.014033077
201203,61399,0.016434731
201204,61399,0.010589443
201205,61399,0.010589443
201206,61399,0.010589443
201207,61399,0.017012749
201208,61399,0.0195457
201209,61399,0.018324586
201210,61399,0.019915938
201211,61399,0.015341707
201212,61399,0.013742017
201201,61735,0.013668402
201202,61735,0.015781868
201203,61735,0.016692959
201201,61815,0.021668877
201202,61815,0.015923958
201203,61815,0.013013113
201204,61815,0.01531557
201205,61815,0.010589443
201206,61815,0.010589443
201207,61815,0.01792886
201208,61815,0.019678026
201209,61815,0.01770274
201210,61815,0.015950076
201211,61815,0.013776442
201212,61815,0.012786234
201201,62092,0.018234773
201202,62092,0.019726569
201203,62092,0.020509403
201204,62092,0.012547113
201205,62092,0.012966015
201206,62092,0.010589443
201207,62092,0.010589443
201208,62092,0.020163117
201209,62092,0.02538501
201210,62092,0.010589443
201211,62092,0.012011162
201212,62092,0.016623592
201201,62148,0.01804923
201202,62148,0.018901877
201203,62148,0.01969884
201204,62148,0.016602311
201205,62148,0.014120739
201206,62148,0.012881257
201207,62148,0.022056099
201208,62148,0.020722475
201209,62148,0.010589443
201210,62148,0.018260058
201211,62148,0.016400788
201212,62148,0.012887524
201201,63830,0.021939818
201202,63830,0.020026386
201203,63830,0.02061636
201204,63830,0.015370317
201205,63830,0.015641326
201206,63830,0.015798869
201207,63830,0.016937774
201208,63830,0.017632578
201209,63830,0.013667253
201210,63830,0.018460665
201211,63830,0.01939808
201212,63830,0.017383706
201211,64186,0.016813263
201212,64186,0.014205745
201212,64282,0.017580345
201201,64311,0.014635354
201202,64311,0.013332581
201203,64311,0.017291384
201204,64311,0.019697709
201205,64311,0.015055744
201206,64311,0.015746836
201207,64311,0.021697821
201208,64311,0.011379469
201209,64311,0.010589443
201210,64311,0.021912718
201211,64311,0.027081195
201212,64311,0.010029151
201201,64936,0.018514976
201202,64936,0.018354887
201203,64936,0.017970057
201204,64936,0.01603563
201205,64936,0.012783362
201206,64936,0.011361131
201207,64936,0.015604449
201208,64936,0.013540654
201209,64936,0.012111484
201210,64936,0.01907764
201211,64936,0.016398909
201212,64936,0.01688804
201201,65875,0.016520508
201202,65875,0.017327819
201203,65875,0.01869404
201204,65875,0.013318158
201205,65875,0.012912083
201206,65875,0.013286686
201207,65875,0.015098948
201208,65875,0.015297622
201209,65875,0.013071709
201210,65875,0.018277122
201211,65875,0.019085731
201212,65875,0.016516637
201201,66093,0.019946184
201202,66093,0.017286837
201203,66093,0.016132893
201204,66093,0.01187026
201205,66093,0.013213164
201206,66093,0.014476505
201207,66093,0.015559039
201208,66093,0.014795681
201209,66093,0.011986287
201210,66093,0.017819997
201211,66093,0.013827267
201212,66093,0.015574663
201201,66157,0.027007625
201202,66157,0.010589443
201203,66157,0.010589443
201204,66157,0.010589443
201205,66157,0.010589443
201206,66157,0.010589443
201207,66157,0.010589443
201208,66157,0.018901587
201209,66157,0.030756764
201210,66157,0.010589443
201211,66157,0.01387717
201212,66157,0.019648988
201201,66181,0.015285837
201202,66181,0.014219378
201203,66181,0.017441917
201204,66181,0.010589443
201205,66181,0.010589443
201206,66181,0.012059241
201207,66181,0.019636419
201208,66181,0.012532394
201209,66181,0.010589443
201210,66181,0.017847866
201211,66181,0.015042421
201212,66181,0.013291785
201201,66800,0.016570523
201202,66800,0.014158754
201203,66800,0.010589443
201204,66800,0.010589443
201205,66800,0.010589443
201206,66800,0.010589443
201207,66800,0.005486868
201208,66800,0.010589443
201209,66800,0.010589443
201210,66800,0.010589443
201211,66800,0.017371848
201212,66800,0.048234336
201210,68144,-0.02092252
201201,69032,0.05675889
201202,69032,0.05411617
201203,69032,0.023900427
201204,69032,0.02351312
201205,69032,0.06862776
201206,69032,0.08562727
201207,69032,0.010589443
201208,69032,-0.027182985
201209,69032,0.087943934
201210,69032,0.09768624
201211,69032,0.032167293
201212,69032,0.012246061
201201,70332,0.010589443
201202,70332,0.010589443
201203,70332,0.010589443
201204,70332,0.010589443
201205,70332,0.010589443
201206,70332,-0.000328423
201207,70332,0.025614854
201208,70332,0.025431285
201209,70332,0.022109339
201210,70332,0.0229452
201211,70332,0.014621395
201212,70332,0.015839022
201201,70519,0.017028682
201202,70519,0.04603106
201203,70519,0.038464457
201204,70519,0.051766187
201205,70519,0.06846531
201206,70519,0.138111
201207,70519,0.040225834
201208,70519,-0.056344137
201209,70519,0.10731248
201210,70519,0.092441455
201211,70519,0.0361974
201212,70519,0.048088893
201201,70578,0.018333444
201202,70578,0.019051068
201203,70578,0.016700197
201204,70578,0.010589443
201205,70578,0.013819969
201206,70578,0.012276679
201207,70578,0.013333828
201208,70578,0.012397627
201209,70578,0.013866718
201210,70578,0.015794255
201211,70578,0.014900281
201212,70578,0.016382666
201201,71563,0.05900658
201202,71563,0.05767482
201203,71563,0.01063577
201204,71563,0.010589443
201205,71563,0.010589443
201206,71563,0.010589443
201207,71563,0.010589443
201208,71563,0.001209877
201209,71563,0.05260804
201210,71563,0.03728904
201211,71563,0.010589443
201212,71563,0.019305674
201201,72726,0.00437134
201202,72726,0.010589443
201203,72726,0.010589443
201204,72726,0.011642523
201205,72726,0.010589443
201206,72726,0.010589443
201207,72726,0.010589443
201208,72726,0.026221633
201209,72726,0.04815691
201210,72726,0.058713533
201211,72726,0.032870024
201212,72726,0.013450597
201201,73139,0.017805044
201202,73139,0.015152374
201203,73139,0.012882674
201204,73139,0.012600809
201205,73139,0.010589443
201206,73139,0.010589443
201207,73139,0.010589443
201208,73139,0.023717862
201209,73139,0.020922858
201210,73139,0.011972627
201211,73139,0.011697279
201212,73139,0.013253994
201201,75034,0.03313734
201202,75034,0.026107734
201203,75034,-0.00320486
201204,75034,0.01254248
201205,75034,0.019809503
201206,75034,0.017886218
201207,75034,0.01507554
201208,75034,0.031084187
201209,75034,0.037327617
201210,75034,0.025739823
201211,75034,0.012863821
201212,75034,0.02494852
201201,75186,0.050780438
201202,75186,-0.007068222
201203,75186,0.013907395
201204,75186,0.022599772
201205,75186,0.025689354
201206,75186,0.027499985
201207,75186,0.026134722
201208,75186,0.05265777
201209,75186,0.061734527
201210,75186,0.06376459
201211,75186,0.05200835
201212,75186,0.037411593
201201,75510,0.01442695
201202,75510,0.010589443
201203,75510,0.010589443
201204,75510,0.010589443
201205,75510,0.010589443
201206,75510,0.010589443
201207,75510,0.012929022
201208,75510,0.038730178
201209,75510,0.024777744
201210,75510,0.027481
201211,75510,0.012155531
201212,75510,0.01319922
201201,75646,0.01548567
201202,75646,0.01945921
201203,75646,0.02133454
201204,75646,0.012708952
201205,75646,0.010589443
201206,75646,0.010589443
201207,75646,0.013190842
201208,75646,0.017939206
201209,75646,0.016208686
201210,75646,0.016493622
201211,75646,0.01607619
201212,75646,0.01461879
201201,75825,0.016056027
201202,75825,0.010589443
201203,75825,0.010589443
201204,75825,0.011131255
201205,75825,0.010589443
201206,75825,0.010589443
201207,75825,0.019413322
201208,75825,0.022551805
201209,75825,0.02561913
201210,75825,0.029686239
201211,75825,0.010589443
201212,75825,0.012756576
201201,76076,0.010925321
201202,76076,0.010969205
201203,76076,0.015268425
201204,76076,0.010589443
201205,76076,0.010589443
201206,76076,0.011684209
201207,76076,0.020103702
201208,76076,0.01899997
201209,76076,0.031035522
201210,76076,0.015742924
201211,76076,0.013591017
201212,76076,0.012905756
201201,76226,0.010589443
201202,76226,0.010589443
201203,76226,0.010589443
201204,76226,0.010589443
201205,76226,0.010589443
201206,76226,0.010589443
201207,76226,0.010589443
201208,76226,0.015112562
201209,76226,0.020132616
201210,76226,0.009151011
201211,76226,0.018761376
201212,76226,0.025846738
201205,76605,0.016017105
201206,76605,0.017616432
201212,76614,0.021264683
201201,76841,0.013953357
201202,76841,0.01986959
201203,76841,0.018497115
201204,76841,0.010648181
201205,76841,0.012741134
201206,76841,0.010589443
201207,76841,0.010589443
201208,76841,0.013990162
201209,76841,0.010589443
201210,76841,0.012547092
201211,76841,0.018672843
201212,76841,0.015544392
201201,77178,0.018087715
201202,77178,0.017759377
201203,77178,0.018783756
201204,77178,0.010589443
201205,77178,0.017875768
201206,77178,0.01767014
201207,77178,0.012279185
201208,77178,0.018222865
201209,77178,0.015628545
201210,77178,0.014508192
201211,77178,0.013574751
201212,77178,0.013481184
201201,77274,0.01476845
201202,77274,0.0177994
201203,77274,0.02585047
201204,77274,0.017798983
201205,77274,0.016742762
201206,77274,0.012384757
201207,77274,0.016106796
201208,77274,0.018906383
201209,77274,0.015163904
201210,77274,0.014549913
201211,77274,0.014616661
201212,77274,0.015905948
201206,77281,0.017921325
201207,77281,0.019507006
201208,77281,0.020097852
201209,77281,0.012836767
201210,77281,0.017165858
201211,77281,0.015884537
201212,77281,0.014826724
201201,77418,0.017808862
201202,77418,0.015428798
201203,77418,0.016313858
201204,77418,0.013803765
201205,77418,0.010589443
201206,77418,0.010589443
201207,77418,0.011724433
201208,77418,0.013521731
201209,77418,0.016772352
201210,77418,0.014701592
201211,77418,0.010589443
201212,77418,0.019059956
201201,77462,0.010079935
201202,77462,0.010589443
201203,77462,0.024239372
201204,77462,0.01730712
201205,77462,-0.000730638
201206,77462,0.011168392
201207,77462,0.015882526
201208,77462,0.022737589
201209,77462,0.02719495
201210,77462,0.013178041
201211,77462,0.014199181
201212,77462,0.024562433
201201,77481,0.010589443
201202,77481,0.010589443
201203,77481,0.010589443
201204,77481,0.010589443
201201,77659,0.01582605
201202,77659,0.020333122
201204,77659,0.02668842
201205,77659,0.020110033
201206,77659,0.013054095
201207,77659,0.016856536
201208,77659,0.02039691
201209,77659,0.016524306
201201,77668,0.012515327
201202,77668,0.014454291
201203,77668,0.016671877
201204,77668,0.013884649
201205,77668,0.010589443
201206,77668,0.012504499
201207,77668,0.014444158
201208,77668,0.025617387
201209,77668,0.033339053
201210,77668,0.020081455
201211,77668,0.012816575
201212,77668,0.021421297
201201,77702,0.018897742
201202,77702,0.012424365
201203,77702,0.015270365
201204,77702,0.010974268
201205,77702,0.015341461
201206,77702,0.01898595
201207,77702,0.020519517
201208,77702,0.023694696
201209,77702,0.01876007
201210,77702,0.023023015
201211,77702,0.017276691
201212,77702,0.0087233
201201,77768,0.022569515
201202,77768,0.01963383
201203,77768,0.017254684
201204,77768,0.010589443
201205,77768,0.013226619
201206,77768,0.013973741
201207,77768,0.017807078
201208,77768,0.016247828
201209,77768,0.013189629
201210,77768,0.015077609
201211,77768,0.014447891
201212,77768,0.016769273
201201,78877,0.019940931
201203,78877,0.014264797
201204,78877,-0.00132377
201201,78975,0.0146413
201202,78975,0.012741543
201203,78975,0.021206725
201204,78975,0.013731302
201205,78975,0.010589443
201206,78975,0.015078519
201207,78975,0.014857197
201208,78975,0.018025924
201209,78975,0.020285297
201210,78975,0.014356381
201211,78975,0.011143995
201212,78975,0.01574648
201201,79323,0.023211885
201202,79323,0.010589443
201203,79323,0.010589443
201204,79323,0.010589443
201205,79323,0.010589443
201206,79323,0.010589443
201207,79323,0.010589443
201208,79323,0.010589443
201209,79323,0.055337787
201210,79323,0.04726814
201211,79323,0.011762214
201212,79323,0.017735172
201201,79678,0.019544931
201201,81055,0.021652449
201202,81055,0.010589443
201203,81055,0.015137225
201204,81055,0.010589443
201205,81055,0.010589443
201206,81055,0.010589443
201207,81055,0.010589443
201208,81055,0.011536817
201209,81055,0.054401044
201210,81055,0.041442074
201211,81055,0.022130407
201212,81055,0.028718073
201201,81061,0.019827113
201202,81061,0.012376121
201203,81061,0.015365195
201204,81061,0.015682444
201205,81061,0.01611811
201206,81061,0.010589443
201207,81061,0.010589443
201208,81061,0.022525383
201209,81061,0.012810132
201210,81061,0.010589443
201211,81061,0.015034397
201212,81061,0.015251944
201201,81774,0.010589443
201202,81774,0.018802572
201203,81774,0.016043201
201204,81774,0.010589443
201205,81774,0.010589443
201206,81774,0.016374003
201207,81774,0.017360622
201208,81774,0.024787074
201209,81774,0.027662909
201210,81774,0.03540173
201211,81774,0.013843404
201212,81774,0.017883874
201203,82598,0.012930277
201204,82598,0.008706035
201205,82642,0.020503225
201205,82686,0.005162682
201207,82686,0.011898761
201209,82686,0.01967569
201201,82800,0.010589443
201202,82800,0.01878177
201203,82800,0.027596306
201204,82800,0.032766577
201205,82800,0.010589443
201206,82800,0.012954343
201207,82800,0.021744166
201208,82800,0.028154878
201209,82800,0.012574891
201210,82800,0.029480632
201211,82800,0.016863968
201212,82800,0.012931441
201202,83111,0.017710034
201203,83111,0.018140366
201204,83111,0.016412199
201205,83111,0.010589443
201206,83111,0.011679216
201207,83111,0.015337498
201208,83111,0.016706705
201209,83111,0.016733184
201210,83111,0.015448622
201211,83111,0.014618959
201212,83111,0.018516125
201201,83435,0.013000244
201202,83435,0.013099792
201203,83435,0.010589443
201204,83435,0.012298258
201205,83435,0.015981857
201206,83435,0.019666243
201207,83435,0.014731605
201208,83435,0.04635413
201209,83435,0.056556568
201210,83435,0.0414929
201211,83435,0.025829613
201212,83435,0.011627115
201201,84032,0.010589443
201202,84032,0.01263071
201203,84032,0.010814955
201204,84032,0.010589443
201205,84032,0.010589443
201206,84032,0.01359541
201207,84032,0.012488628
201208,84032,0.022062577
201209,84032,0.031383548
201210,84032,0.010589443
201211,84032,0.012858112
201212,84032,0.018982936
201201,84788,0.02194736
201202,84788,0.027343486
201203,84788,0.024455758
201204,84788,0.01595369
201205,84788,0.013481854
201206,84788,0.010589443
201207,84788,0.010589443
201208,84788,0.021492768
201209,84788,0.03339926
201210,84788,0.0189843
201211,84788,0.02751602
201212,84788,0.01728917
201208,85269,0.013038796
201209,85269,0.010589443
201210,85269,0.010589443
201211,85269,0.010589443
201212,85269,0.022002546
201201,85348,0.016948251
201202,85348,0.017468102
201203,85348,0.018645365
201204,85348,0.012357947
201205,85348,0.012099961
201206,85348,0.013770661
201207,85348,0.018863216
201208,85348,0.019764487
201209,85348,0.016020717
201210,85348,0.019123662
201211,85348,0.020603236
201212,85348,0.019250622
201201,85963,0.016840292
201202,85963,0.000834153
201203,85963,0.012094201
201204,85963,0.010589443
201205,85963,0.016693443
201206,85963,0.035340987
201207,85963,0.025908519
201208,85963,0.02260239
201209,85963,0.020556211
201210,85963,0.010589443
201211,85963,0.014449556
201212,85963,0.016003422
201205,86136,0.020194672
201206,86136,0.017016135
201207,86136,0.015018796
201208,86136,0.013956322
201209,86136,0.010589443
201210,86136,0.012942689
201211,86136,0.017337486
201212,86136,0.013641294
201201,86158,0.015609748
201202,86158,0.016091727
201203,86158,0.019727662
201204,86158,0.01377831
201205,86158,0.010589443
201206,86158,0.01768915
201207,86158,0.033178017
201208,86158,0.029332072
201209,86158,0.022315983
201210,86158,0.01937879
201211,86158,0.011433816
201212,86158,0.01181528
201205,86339,0.015279019
201206,86339,0.016391302
201207,86339,0.022090383
201208,86339,0.020640723
201209,86339,0.010589443
201210,86339,0.010620666
201211,86339,0.013308091
201212,86339,0.013951671
201201,86356,0.014482437
201202,86356,0.020411097
201203,86356,0.017558891
201204,86356,0.010589443
201205,86356,0.010589443
201206,86356,0.010589443
201207,86356,0.010589443
201208,86356,0.02539996
201209,86356,0.03107553
201210,86356,0.015147245
201211,86356,0.020365378
201212,86356,0.014127808
201201,86783,0.010589443
201202,86783,0.010589443
201203,86783,0.023757802
201204,86783,0.017591821
201205,86783,-0.018156143
201206,86783,0.010589443
201207,86783,0.010589443
201208,86783,0.015220437
201209,86783,0.03220824
201210,86783,0.031362236
201211,86783,0.019935109
201212,86783,0.01588592
201201,86868,0.07118805
201202,86868,0.048513345
201203,86868,0.041691177
201204,86868,0.05032972
201205,86868,0.0536569
201206,86868,0.07747124
201207,86868,0.04216776
201208,86868,-0.04091091
201209,86868,0.07237689
201210,86868,0.07960992
201211,86868,0.03696056
201212,86868,0.041390296
201201,86946,0.018969797
201202,86946,0.01687333
201203,86946,0.016848154
201204,86946,0.014348452
201205,86946,0.014123563
201206,86946,0.013798533
201207,86946,0.016251866
201208,86946,0.014583387
201209,86946,0.01211704
201210,86946,0.015310125
201211,86946,0.015444756
201212,86946,0.016156638
201201,87055,0.015015342
201202,87055,0.017933715
201203,87055,0.019304654
201204,87055,0.014275043
201205,87055,0.013150012
201206,87055,0.013093584
201207,87055,0.014800886
201208,87055,0.013066363
201209,87055,0.01341437
201210,87055,0.015582809
201211,87055,0.014991183
201212,87055,0.018396901
201201,87137,0.023421472
201202,87137,0.023019858
201203,87137,0.013215643
201204,87137,0.011671808
201205,87137,0.010589443
201206,87137,0.010589443
201207,87137,0.020388331
201208,87137,0.021497983
201209,87137,0.029202301
201210,87137,0.02521367
201211,87137,0.01626774
201212,87137,0.01706948
201201,87267,-0.007879911
201202,87267,0.010589443
201203,87267,0.010589443
201204,87267,0.010589443
201205,87267,0.010589443
201206,87267,0.010589443
201207,87267,0.010656334
201208,87267,0.016175225
201209,87267,0.059143472
201210,87267,0.048488934
201211,87267,0.019950047
201212,87267,0.015450789
201202,87432,0.0340385
201203,87432,0.010572854
201204,87432,0.010589443
201206,87432,0.02103359
201201,87447,0.018724486
201202,87447,0.01994263
201203,87447,0.019500434
201204,87447,0.010589443
201205,87447,0.010589443
201206,87447,0.011975377
201207,87447,0.015598448
201208,87447,0.011470954
201209,87447,0.010589443
201210,87447,0.018053453
201211,87447,0.01606541
201212,87447,0.015802154
201201,87842,0.14289561
201202,87842,0.0591451
201203,87842,0.010035103
201204,87842,0.010589443
201205,87842,0.010589443
201206,87842,0.017692618
201207,87842,0.010589443
201208,87842,0.004412478
201209,87842,0.077851556
201210,87842,0.09024749
201211,87842,0.056790654
201212,87842,0.05709668
201201,88352,0.011891011
201202,88352,0.010589443
201203,88352,0.012725078
201204,88352,0.010589443
201205,88352,0.010589443
201206,88352,0.01333258
201207,88352,0.01692906
201208,88352,0.023710564
201209,88352,0.018184945
201210,88352,0.010620943
201211,88352,0.018837081
201212,88352,0.015546618
201201,88661,0.013614726
201202,88661,0.010589443
201203,88661,0.014060977
201204,88661,0.012973897
201205,88661,0.012445749
201206,88661,0.012883747
201207,88661,0.013986566
201208,88661,0.040391847
201209,88661,0.039505504
201210,88661,0.023369405
201211,88661,0.020516578
201212,88661,0.022616804
201201,88668,0.011784062
201202,88668,0.015287916
201203,88668,0.014272161
201204,88668,0.010589443
201205,88668,0.011489992
201206,88668,0.010783298
201207,88668,0.010589443
201208,88668,0.010589443
201209,88668,0.0237233
201210,88668,0.010589443
201211,88668,0.011047153
201212,88668,0.015734622
201201,88845,0.016254323
201202,88845,0.014180725
201203,88845,0.018084802
201204,88845,0.01589836
201205,88845,0.010589443
201206,88845,0.010589443
201201,89006,0.018820744
201202,89006,0.018238079
201203,89006,0.017853366
201204,89006,0.012914384
201205,89006,0.012832033
201206,89006,0.011552285
201207,89006,0.014483359
201208,89006,0.016037293
201209,89006,0.017158603
201210,89006,0.016506044
201211,89006,0.018743515
201212,89006,0.0225422
201201,89179,0.01837054
201202,89179,0.020725686
201203,89179,0.017364156
201204,89179,0.011245085
201205,89179,0.010589443
201206,89179,0.010589443
201207,89179,0.014630185
201208,89179,0.022837348
201209,89179,0.052260023
201210,89179,0.02322364
201211,89179,0.015536863
201212,89179,0.014309647
201201,89258,0.18910635
201202,89258,0.0851309
201203,89258,0.010589443
201204,89258,0.034157068
201205,89258,0.08012676
201206,89258,0.07843974
201207,89258,0.050802324
201208,89258,-0.041556623
201209,89258,0.109343216
201210,89258,0.100448884
201211,89258,0.050870687
201212,89258,0.06368628
201201,89525,0.016680066
201202,89525,0.013789897
201203,89525,0.014996574
201204,89525,0.012107817
201205,89525,0.014221084
201206,89525,0.010589443
201207,89525,0.012641829
201208,89525,0.014403692
201209,89525,0.014202445
201210,89525,0.013568869
201211,89525,0.013594544
201212,89525,0.017590098
201201,89626,0.014924893
201202,89626,0.01261453
201203,89626,0.012418933
201204,89626,0.012053367
201205,89626,0.016640102
201206,89626,0.010589443
201207,89626,0.010589443
201208,89626,0.012015527
201209,89626,0.012222614
201210,89626,0.013678242
201211,89626,0.012647787
201212,89626,0.014346714
201201,89813,0.015596963
201202,89813,0.012235432
201203,89813,0.011221488
201201,89954,0.02142208
201202,89954,0.021605741
201203,89954,0.022680879
201204,89954,0.013231806
201205,89954,0.010589443
201206,89954,0.010589443
201207,89954,0.01606286
201209,89954,0.015192267
201210,89954,0.012031874
201211,89954,0.014711269
201212,89954,0.013880081
201201,90215,0.028873151
201202,90215,-0.007402491
201203,90215,0.015557714
201204,90215,0.010589443
201205,90215,0.010589443
201206,90215,0.011332424
201207,90215,0.027955826
201208,90215,0.010771667
201209,90215,0.034647275
201210,90215,0.028064994
201211,90215,0.010589443
201212,90215,0.018493367
201201,90319,0.011950879
201202,90319,0.0157253
201203,90319,0.012843745
201204,90319,0.013297886
201205,90319,0.010589443
201206,90319,0.011179879
201207,90319,0.011078511
201208,90319,0.025328787
201209,90319,0.018313564
201210,90319,0.010589443
201211,90319,0.014141672
201212,90319,0.010589443
201202,90386,0.010589443
201203,90386,0.010589443
201204,90386,0.022070328
201205,90386,0.019375276
201206,90386,0.010589443
201207,90386,0.011071834
201208,90386,0.013491213
201209,90386,0.020320809
201210,90386,0.026763171
201211,90386,0.010589443
201212,90386,0.01623451
201201,90441,0.010589443
201202,90441,0.011631308
201203,90441,0.012680937
201204,90441,0.012735503
201205,90441,0.010589443
201206,90441,0.010589443
201207,90441,0.015748553
201208,90441,0.019609034
201209,90441,0.012637923
201210,90441,0.01223276
201211,90441,0.015228426
201212,90441,0.016025186
201201,90442,0.010589443
201202,90442,0.011209739
201203,90442,0.01249737
201204,90442,0.014067186
201205,90442,0.010589443
201206,90442,0.010589443
201207,90442,0.018524824
201208,90442,0.017879376
201209,90442,0.011308207
201210,90442,0.013569266
201211,90442,0.013866283
201212,90442,0.016265895
201201,90505,-0.014642959
201202,90505,-0.002776688
201203,90505,0.010589443
201204,90505,0.021386025
201205,90505,0.010589443
201206,90505,0.010589443
201207,90505,0.011837051
201208,90505,0.023029134
201209,90505,0.062581964
201210,90505,0.050751038
201211,90505,0.027693192
201212,90505,0.023535818
201201,91063,0.02133546
201202,91063,0.015126307
201203,91063,0.013590087
201204,91063,0.01395805
201205,91063,0.010600492
201206,91063,0.010589443
201207,91063,0.011993238
201208,91063,0.02157757
201209,91063,0.010589443
201210,91063,0.015862394
201211,91063,0.01529515
201212,91063,0.017073449
201201,91233,0.010589443
201202,91233,0.012878454
201203,91233,0.016690936
201204,91233,0.01192273
201205,91233,0.010589443
201206,91233,0.010589443
201207,91233,0.013333897
201208,91233,0.020306075
201209,91233,0.010589443
201210,91233,0.014203935
201211,91233,0.011906205
201212,91233,0.010589443
201206,91556,0.016734729
201207,91556,0.018712265
201208,91556,0.01939531
201209,91556,0.015343959
201201,91650,0.015652776
201202,91650,0.010964043
201203,91650,0.010767879
201204,91650,0.012368688
201205,91650,0.010589443
201206,91650,0.012565497
201207,91650,0.018289007
201208,91650,0.013068195
201209,91650,0.011031851
201210,91650,0.017135717
201211,91650,0.016567502
201212,91650,0.018087277
201201,91883,0.020016674
201202,91883,0.02029663
201203,91883,0.018458568
201204,91883,0.01153581
201205,91883,0.014097795
201206,91883,0.010875865
201207,91883,0.010589443
201208,91883,0.02397614
201209,91883,0.017753795
201210,91883,0.010589443
201211,91883,0.010857363
201212,91883,0.016917627
201202,91983,0.018130869
201203,91983,0.014399886
201204,91983,0.010589443
201205,91983,0.010589443
201202,92121,0.00463468
201203,92121,0.010589443
201204,92121,0.018034223
201205,92121,0.010589443
201206,92121,0.010589443
201207,92121,0.010589443
201208,92121,0.015360415
201209,92121,0.025365882
201210,92121,0.01081633
201211,92121,0.014694579
201212,92121,0.015919179
201201,92602,0.020121582
201202,92602,0.0196767
201203,92602,0.01639106
201204,92602,0.011930211
201205,92602,0.011771297
201206,92602,0.013053136
201207,92602,0.014280048
201208,92602,0.012797423
201209,92602,0.013951297
201210,92602,0.017188367
201211,92602,0.016383598
201212,92602,0.017303616
201201,92611,0.010589443
201202,92611,0.021162204
201203,92611,0.021260135
201204,92611,0.010589443
201205,92611,0.010589443
201206,92611,0.010589443
201207,92611,0.013329914
201208,92611,0.01562753
201209,92611,0.012233893
201210,92611,0.016496724
201211,92611,0.012246544
201212,92611,0.004308799
201201,92655,0.022169746
201202,92655,0.018451642
201203,92655,0.015951045
201204,92655,0.013271556
201205,92655,0.010589443
201206,92655,0.011033006
201207,92655,0.013354901
201208,92655,0.018103436
201209,92655,0.013659159
201210,92655,0.017123532
201211,92655,0.017685857
201212,92655,0.015004012
201203,92890,0.019531133
201204,92890,0.016204141
201205,92890,0.015582312
201206,92890,0.010589443
201207,92890,0.015269564
201208,92890,0.033548467
201209,92890,0.029391006
201210,92890,0.020141538
201204,83443,0.010589443
201205,83443,0.010589443
201206,83443,0.010589443
201207,83443,0.010589443
201208,83443,0.010589443
201209,83443,0.010589443
201210,83443,0.010589443
201211,83443,0.010589443
201212,83443,0.014775804
201205,89565,0.015271978
201206,89565,0.010589443
201207,89565,0.011472183
201208,89565,0.013223935
201209,89565,0.013148245
201210,89565,0.013103706
201211,89565,0.012841875
201212,89565,0.017248213